
SET SQL_MODE="NO_AUTO_VALUE_ON_ZERO";

-- 建立公司
insert into P_COMPANY (COMP_CODE, COMP_NAME_CN, COMP_NAME_EN,COMP_ACTIVE,COMP_START_DATE,COMP_END_DATE,
	COMP_SERVICE_LEVEL,CREATE_TIME, MODIFY_TIME) 
	values('{CC}','{$companyname}', '', 1, now(), null, 0, now(), now()); 

-- 建立用户
insert into P_USER (USER_NAME, USER_LOGIN_NAME, USER_EMAIL, USER_PASSWORD,USER_PASSWORD_MODIFY_DATE,ACTIVE,COMP_CODE,VERSION,REMOVED) 
values('admin','admin','{$email}', 'e10adc3949ba59abbe56e057f20f883e',now(),1,'{CC}',0,0);

-- 增加admin角色
insert into P_ROLE (ROLE_NAME,ACTIVE,COMP_CODE,VERSION,REMOVED) values
 ('系统管理员', 1, '{CC}',0,0);

-- 给第一个用户admin角色

insert into P_USER_ROLE (USER_ID, ROLE_ID)
values(1, 1);

-- admin费用权限
insert into P_USER_EXPE_PERMISSION (USER_ID, CHCL_ID, CHCL_NAME, EXPE_TYPE, USEP_EDITABLE, USEP_VIEW_ALL, USEP_EDIT_ALL, COMP_CODE,VERSION,REMOVED) 
values (1, 0, '所有费用', 'R', 1, 1, 1, '{CC}', 0, 0);

-- 上面是应收, 这是应付
insert into P_USER_EXPE_PERMISSION (USER_ID, CHCL_ID, CHCL_NAME, EXPE_TYPE, USEP_EDITABLE, USEP_VIEW_ALL, USEP_EDIT_ALL, COMP_CODE,VERSION,REMOVED) 
values (1, 0, '所有费用', 'P', 1, 1, 1, '{CC}', 0, 0);


-- 增加部门
insert into P_GROUP (GROU_NAME,ACTIVE,COMP_CODE,VERSION,REMOVED) values
 ('行政部', 1, '{CC}',0,0),
 ('财务部', 1, '{CC}',0,0),
 ('市场部', 1, '{CC}',0,0),
 ('操作部', 1, '{CC}',0,0);


-- admin权限初始化
insert into P_ROLE_FUNCTION(role_id, func_code, comp_code) values (1, '00', '{CC}');
insert into P_ROLE_FUNCTION(role_id, func_code, comp_code) values (1, '0011', '{CC}');
insert into P_ROLE_FUNCTION(role_id, func_code, comp_code) values (1, '001101', '{CC}');
insert into P_ROLE_FUNCTION(role_id, func_code, comp_code) values (1, '00110101', '{CC}');
insert into P_ROLE_FUNCTION(role_id, func_code, comp_code) values (1, '00110102', '{CC}');
insert into P_ROLE_FUNCTION(role_id, func_code, comp_code) values (1, '00110103', '{CC}');
insert into P_ROLE_FUNCTION(role_id, func_code, comp_code) values (1, '001102', '{CC}');
insert into P_ROLE_FUNCTION(role_id, func_code, comp_code) values (1, '00110201', '{CC}');
insert into P_ROLE_FUNCTION(role_id, func_code, comp_code) values (1, '00110202', '{CC}');
insert into P_ROLE_FUNCTION(role_id, func_code, comp_code) values (1, '00110203', '{CC}');
insert into P_ROLE_FUNCTION(role_id, func_code, comp_code) values (1, '001103', '{CC}');
insert into P_ROLE_FUNCTION(role_id, func_code, comp_code) values (1, '00110301', '{CC}');
insert into P_ROLE_FUNCTION(role_id, func_code, comp_code) values (1, '00110302', '{CC}');
insert into P_ROLE_FUNCTION(role_id, func_code, comp_code) values (1, '00110303', '{CC}');
insert into P_ROLE_FUNCTION(role_id, func_code, comp_code) values (1, '001104', '{CC}');
insert into P_ROLE_FUNCTION(role_id, func_code, comp_code) values (1, '00110401', '{CC}');
insert into P_ROLE_FUNCTION(role_id, func_code, comp_code) values (1, '00110402', '{CC}');
insert into P_ROLE_FUNCTION(role_id, func_code, comp_code) values (1, '00110403', '{CC}');
insert into P_ROLE_FUNCTION(role_id, func_code, comp_code) values (1, '001105', '{CC}');
insert into P_ROLE_FUNCTION(role_id, func_code, comp_code) values (1, '00110501', '{CC}');
insert into P_ROLE_FUNCTION(role_id, func_code, comp_code) values (1, '00110502', '{CC}');
insert into P_ROLE_FUNCTION(role_id, func_code, comp_code) values (1, '00110503', '{CC}');

INSERT INTO `C_CUSTOMER_CATEGORY` (`CUCA_NAME`, `COMP_CODE`, `VERSION`, `REMOVED`) VALUES
('长期客户', '{CC}', 0, 0),
('临时客户', '{CC}', 0, 0);

INSERT INTO `C_VENDOR_CATEGORY` (`VECA_NAME`, `COMP_CODE`, `VERSION`, `REMOVED`) VALUES
('临时供应商', '{CC}', 0, 0),
('普通供应商', '{CC}', 0, 0),
('签约供应商', '{CC}', 0, 0);

INSERT INTO `G_CUSTOMS_TYPE` (`CUTY_CODE`, `CUTY_NAME`,`COMP_CODE`, `VERSION`, `REMOVED`) VALUES
('JK','一般进口', '{CC}', 0, 0),
('CK','一般出口','{CC}', 0, 0),
('BJ','保税进口', '{CC}', 0, 0),
('BC','保税出口','{CC}', 0, 0),
('BS','保税', '{CC}', 0, 0),
('GJ','过境','{CC}', 0, 0)
;

INSERT INTO `G_INSPECTION_TYPE` (`INTY_CODE`, `INTY_NAME`,`COMP_CODE`, `VERSION`, `REMOVED`) VALUES
('CDJY','产地检验', '{CC}', 0, 0),
('HZPT','换证凭条','{CC}', 0, 0),
('HZPD','换证凭单', '{CC}', 0, 0),
('JKCJ','进口产检','{CC}', 0, 0),
('JKZJ','进口转检', '{CC}', 0, 0),
('WJ','卫检', '{CC}', 0, 0),
('SZ','适载', '{CC}', 0, 0),
('XZ','熏蒸','{CC}', 0, 0)
;


INSERT INTO `G_CARGO_PROPERTY` (`CAPR_NAME`,`COMP_CODE`, `VERSION`, `REMOVED`) VALUES
('普货', '{CC}', 0, 0),
('危品','{CC}', 0, 0),
('展品','{CC}', 0, 0),
('个人行李物品','{CC}', 0, 0),
('吉柜','{CC}', 0, 0),
('机械配件','{CC}', 0, 0),
('暂时进出境物品','{CC}', 0, 0),
('过境物品','{CC}', 0, 0),
('冷藏品','{CC}', 0, 0),
('生鲜果品','{CC}', 0, 0),
('其他','{CC}', 0, 0);

INSERT INTO `G_CARGO_CLASS` (`CACL_CODE`, `CACL_NAME_CN`, `CACL_NAME_EN`, `ACTIVE`, `COMP_CODE`, `VERSION`, `REMOVED`) VALUES
('01', '活动物', NULL, 1, '{CC}', 0, 0),
('02', '肉及食用杂碎', NULL, 1, '{CC}', 0, 0),
('03', '鱼及其他水生无脊椎动物', NULL, 1, '{CC}', 0, 0),
('04', '乳；蛋；蜂蜜；其他食用动物产品', NULL, 1, '{CC}', 0, 0),
('05', '其他动物产品', NULL, 1, '{CC}', 0, 0),
('06', '活植物；茎、根；插花、簇叶', NULL, 1, '{CC}', 0, 0),
('07', '食用蔬菜、根及块茎', NULL, 1, '{CC}', 0, 0),
('08', '食用水果及坚果；甜瓜等水果的果皮', NULL, 1, '{CC}', 0, 0),
('09', '咖啡、茶、马黛茶及调味香料', NULL, 1, '{CC}', 0, 0),
('10', '谷物', NULL, 1, '{CC}', 0, 0),
('11', '制粉工业产品；麦芽；淀粉等；面筋', NULL, 1, '{CC}', 0, 0),
('12', '油籽；子仁；工业或药用植物；饲料', NULL, 1, '{CC}', 0, 0),
('13', '虫胶；树胶、树脂及其他植物液、汁', NULL, 1, '{CC}', 0, 0),
('14', '编结用植物材料；其他植物产品', NULL, 1, '{CC}', 0, 0),
('15', '动、植物油、脂、蜡；精制食用油脂', NULL, 1, '{CC}', 0, 0),
('16', '肉、鱼及其他水生无脊椎动物的制品', NULL, 1, '{CC}', 0, 0),
('17', '糖及糖食', NULL, 1, '{CC}', 0, 0),
('18', '可可及可可制品', NULL, 1, '{CC}', 0, 0),
('19', '谷物粉、淀粉等或乳的制品；糕饼', NULL, 1, '{CC}', 0, 0),
('20', '蔬菜、水果等或植物其他部分的制品', NULL, 1, '{CC}', 0, 0),
('21', '杂项食品', NULL, 1, '{CC}', 0, 0),
('22', '饮料、酒及醋', NULL, 1, '{CC}', 0, 0),
('23', '食品工业的残渣及废料；配制的饲料', NULL, 1, '{CC}', 0, 0),
('24', '烟草、烟草及烟草代用品的制品', NULL, 1, '{CC}', 0, 0),
('25', '盐；硫磺；土及石料；石灰及水泥等', NULL, 1, '{CC}', 0, 0),
('26', '矿砂、矿渣及矿灰', NULL, 1, '{CC}', 0, 0),
('27', '矿物燃料、矿物油及其产品；沥青等', NULL, 1, '{CC}', 0, 0),
('28', '无机化学品；贵金属等的化合物', NULL, 1, '{CC}', 0, 0),
('29', '有机化学品', NULL, 1, '{CC}', 0, 0),
('30', '药品', NULL, 1, '{CC}', 0, 0),
('31', '肥料', NULL, 1, '{CC}', 0, 0),
('32', '鞣料；著色料；涂料；油灰；墨水等', NULL, 1, '{CC}', 0, 0),
('33', '精油及香膏；芳香料制品及化妆盥洗品', NULL, 1, '{CC}', 0, 0),
('34', '洗涤剂、润滑剂、人造蜡、塑型膏等', NULL, 1, '{CC}', 0, 0),
('35', '蛋白类物质；改性淀粉；胶；霉', NULL, 1, '{CC}', 0, 0),
('36', '炸药；烟火；引火品；易燃材料制品', NULL, 1, '{CC}', 0, 0),
('37', '照相及电影用品', NULL, 1, '{CC}', 0, 0),
('38', '杂项化学产品', NULL, 1, '{CC}', 0, 0),
('39', '塑料及其制品', NULL, 1, '{CC}', 0, 0),
('40', '橡胶及其制品', NULL, 1, '{CC}', 0, 0),
('41', '生皮（毛皮除外）及皮革', NULL, 1, '{CC}', 0, 0),
('42', '皮革制品；旅行箱包；动物肠线制品', NULL, 1, '{CC}', 0, 0),
('43', '毛皮、人造毛皮及其制品', NULL, 1, '{CC}', 0, 0),
('44', '木及木制品；木炭', NULL, 1, '{CC}', 0, 0),
('45', '软木及软木制品', NULL, 1, '{CC}', 0, 0),
('46', '编结材料制品；篮筐及柳条编结品', NULL, 1, '{CC}', 0, 0),
('47', '木浆等纤维状纤维素浆；废纸及纸板', NULL, 1, '{CC}', 0, 0),
('48', '纸及纸板；纸浆、纸或纸板制品', NULL, 1, '{CC}', 0, 0),
('49', '印刷品；手稿、打字稿及设计图纸', NULL, 1, '{CC}', 0, 0),
('50', '蚕丝', NULL, 1, '{CC}', 0, 0),
('51', '羊毛等动物毛；马毛纱线及其机织物', NULL, 1, '{CC}', 0, 0),
('52', '棉花', NULL, 1, '{CC}', 0, 0),
('53', '其他植物纤维；纸纱线及其机织物', NULL, 1, '{CC}', 0, 0),
('54', '化学纤维长丝', NULL, 1, '{CC}', 0, 0),
('55', '化学纤维短纤', NULL, 1, '{CC}', 0, 0),
('56', '絮胎、毡呢及无纺织物；线绳制品等', NULL, 1, '{CC}', 0, 0),
('57', '地毯及纺织材料的其他铺地制品', NULL, 1, '{CC}', 0, 0),
('58', '特种机织物；簇绒织物；刺绣品等', NULL, 1, '{CC}', 0, 0),
('59', '特种机织物；簇绒织物；刺绣品等', NULL, 1, '{CC}', 0, 0),
('60', '针织物及钩编织物', NULL, 1, '{CC}', 0, 0),
('61', '针织或钩编的服装及衣著附件', NULL, 1, '{CC}', 0, 0),
('62', '非针织或非钩编的服装及衣著附件', NULL, 1, '{CC}', 0, 0),
('63', '其他纺织制品；成套物品；旧纺织品', NULL, 1, '{CC}', 0, 0),
('64', '鞋靴、护腿和类似品及其零件', NULL, 1, '{CC}', 0, 0),
('65', '帽类及其零件', NULL, 1, '{CC}', 0, 0),
('66', '伞、手杖、鞭子、马鞭及其零件', NULL, 1, '{CC}', 0, 0),
('67', '加工羽毛及制品；人造炕@蝗朔　破', NULL, 1, '{CC}', 0, 0),
('68', '矿物材料的制品', NULL, 1, '{CC}', 0, 0),
('69', '陶瓷产品', NULL, 1, '{CC}', 0, 0),
('70', '玻璃及其制品', NULL, 1, '{CC}', 0, 0),
('71', '珠宝、贵金属及制品；仿首饰；硬币', NULL, 1, '{CC}', 0, 0),
('72', '钢铁', NULL, 1, '{CC}', 0, 0),
('73', '钢铁制品', NULL, 1, '{CC}', 0, 0),
('74', '铜及其制品', NULL, 1, '{CC}', 0, 0),
('75', '镍及其制品', NULL, 1, '{CC}', 0, 0),
('76', '铝及其制品', NULL, 1, '{CC}', 0, 0),
('78', '铅及其制品', NULL, 1, '{CC}', 0, 0),
('79', '锌及其制品', NULL, 1, '{CC}', 0, 0),
('80', '锡及其制品', NULL, 1, '{CC}', 0, 0),
('81', '其他贱金属、金属陶瓷及其制品', NULL, 1, '{CC}', 0, 0),
('82', '贱金属器具、利口器、餐具及零件', NULL, 1, '{CC}', 0, 0),
('83', '贱金属杂项制品', NULL, 1, '{CC}', 0, 0),
('84', '核反应堆、锅炉、机械器具及零件', NULL, 1, '{CC}', 0, 0),
('85', '电机、电气、音像设备及其零附件', NULL, 1, '{CC}', 0, 0),
('86', '铁道车辆；轨道装置；信号设备', NULL, 1, '{CC}', 0, 0),
('87', '车辆及其零附件，但铁道车辆除外', NULL, 1, '{CC}', 0, 0),
('88', '航空器、航天器及其零件', NULL, 1, '{CC}', 0, 0),
('89', '船舶及浮动结构体', NULL, 1, '{CC}', 0, 0),
('90', '光学、照相、医疗等设备及零附件', NULL, 1, '{CC}', 0, 0),
('91', '钟表及其零件', NULL, 1, '{CC}', 0, 0),
('92', '乐器及其零件、附件', NULL, 1, '{CC}', 0, 0),
('93', '武器、弹药及其零件、附件', NULL, 1, '{CC}', 0, 0),
('94', '家具；寝具等；灯具；活动房', NULL, 1, '{CC}', 0, 0),
('95', '玩具、游戏或运动用品及其零附件', NULL, 1, '{CC}', 0, 0),
('96', '杂项制品', NULL, 1, '{CC}', 0, 0),
('97', '艺术品、收藏品及古物', NULL, 1, '{CC}', 0, 0),
('98', '特殊交易品及未分类商品', NULL, 1, '{CC}', 0, 0),
('99', '特殊交易品及未分类商品', NULL, 1, '{CC}', 0, 0);


--
-- 导出表中的数据 `G_CONTAINER_CLASS`
--

INSERT INTO `G_CONTAINER_CLASS` (`COCL_CODE`, `COCL_NAME`, `ACTIVE`, `COMP_CODE`, `VERSION`, `REMOVED`) VALUES
('GP', '干货箱', 1, '{CC}', 0, 0),
('HC', '干货高箱', 1, '{CC}', 0, 0),
('HT', '挂衣箱', 1, '{CC}', 0, 0),
('OT', '开顶箱', 1, '{CC}', 0, 0),
('RF', '冷冻箱', 1, '{CC}', 0, 0),
('RH', '冷高箱', 1, '{CC}', 0, 0),
('TK', '油罐箱', 1, '{CC}', 0, 0),
('FR', '框架箱', 1, '{CC}', 0, 0),
('OS', '侧壁全开', 1, '{CC}', 0, 0),
('HH', '半高箱', 1, '{CC}', 0, 0),
('VE', '通风箱', 1, '{CC}', 0, 0),
('BK', '散装货箱', 1, '{CC}', 0, 0),
('PF', '平板箱', 1, '{CC}', 0, 0),
('OH', '超高箱', 1, '{CC}', 0, 0),
('OL', '超长箱', 1, '{CC}', 0, 0),
('OW', '超宽箱', 1, '{CC}', 0, 0),
('TT', '挂衣高箱', 1, '{CC}', 0, 0),
('CH', '尺', 1, '{CC}', 0, 0),
('DG', '危品箱', 1, '{CC}', 0, 0),
('DO', '半开箱', 1, '{CC}', 0, 0),
('H1', '一层挂衣箱', 1, '{CC}', 0, 0),
('H2', '二层挂衣箱', 1, '{CC}', 0, 0),
('H3', '三层挂衣箱', 1, '{CC}', 0, 0),
('H4', '四层挂衣箱', 1, '{CC}', 0, 0),
('OO', '超限箱', 1, '{CC}', 0, 0);

--
-- 导出表中的数据 `G_CONTAINER_TYPE`
--

INSERT INTO `G_CONTAINER_TYPE` (`COTY_CODE`, `COTY_LENGTH`, `COCL_CODE`, `COTY_TEU`, `COTY_ISO_CODE`, `COTY_UN_CODE`, `COTY_TARE_WEIGHT`, `COTY_MAX_WEIGHT`, `COTY_MAX_MEASUREMENT`, `ACTIVE`, `COMP_CODE`, `VERSION`, `REMOVED`) VALUES
('10GP', '10', 'GP', 1, NULL, NULL, NULL, NULL, NULL, 1, '{CC}', 0, 0),
('10RF', '10', 'RF', 1, NULL, NULL, NULL, NULL, NULL, 1, '{CC}', 0, 0),
('20BK', '20', 'BK', 1, NULL, NULL, NULL, NULL, NULL, 1, '{CC}', 0, 0),
('20GP', '20', 'GP', 1, NULL, NULL, NULL, NULL, NULL, 1, '{CC}', 0, 0),
('20FR', '20', 'FR', 1, NULL, NULL, NULL, NULL, NULL, 1, '{CC}', 0, 0),
('20HC', '20', 'HC', 1, NULL, NULL, NULL, NULL, NULL, 1, '{CC}', 0, 0),
('20HH', '20', 'HH', 1, NULL, NULL, NULL, NULL, NULL, 1, '{CC}', 0, 0),
('20HT', '20', 'HT', 1, NULL, NULL, NULL, NULL, NULL, 1, '{CC}', 0, 0),
('20TT', '20', 'TT', 1, NULL, NULL, NULL, NULL, NULL, 1, '{CC}', 0, 0),
('20OS', '20', 'OS', 1, NULL, NULL, NULL, NULL, NULL, 1, '{CC}', 0, 0),
('20OT', '20', 'OT', 1, NULL, NULL, NULL, NULL, NULL, 1, '{CC}', 0, 0),
('20PF', '20', 'PF', 1, NULL, NULL, NULL, NULL, NULL, 1, '{CC}', 0, 0),
('20RF', '20', 'RF', 1, NULL, NULL, NULL, NULL, NULL, 1, '{CC}', 0, 0),
('20RH', '20', 'RH', 1, NULL, NULL, NULL, NULL, NULL, 1, '{CC}', 0, 0),
('20TK', '20', 'TK', 1, NULL, NULL, NULL, NULL, NULL, 1, '{CC}', 0, 0),
('20VE', '20', 'VE', 1, NULL, NULL, NULL, NULL, NULL, 1, '{CC}', 0, 0),
('40BK', '40', 'BK', 2, NULL, NULL, NULL, NULL, NULL, 1, '{CC}', 0, 0),
('40GP', '40', 'GP', 2, NULL, NULL, NULL, NULL, NULL, 1, '{CC}', 0, 0),
('40FR', '40', 'FR', 2, NULL, NULL, NULL, NULL, NULL, 1, '{CC}', 0, 0),
('40HC', '40', 'HC', 2, NULL, NULL, NULL, NULL, NULL, 1, '{CC}', 0, 0),
('40HH', '40', 'HH', 2, NULL, NULL, NULL, NULL, NULL, 1, '{CC}', 0, 0),
('40HT', '40', 'HT', 2, NULL, NULL, NULL, NULL, NULL, 1, '{CC}', 0, 0),
('40TT', '40', 'TT', 2, NULL, NULL, NULL, NULL, NULL, 1, '{CC}', 0, 0),
('40OS', '40', 'OS', 2, NULL, NULL, NULL, NULL, NULL, 1, '{CC}', 0, 0),
('40OT', '40', 'OT', 2, NULL, NULL, NULL, NULL, NULL, 1, '{CC}', 0, 0),
('40PF', '40', 'PF', 2, NULL, NULL, NULL, NULL, NULL, 1, '{CC}', 0, 0),
('40RF', '40', 'RF', 2, NULL, NULL, NULL, NULL, NULL, 1, '{CC}', 0, 0),
('40RH', '40', 'RH', 2, NULL, NULL, NULL, NULL, NULL, 1, '{CC}', 0, 0),
('40TK', '40', 'TK', 2, NULL, NULL, NULL, NULL, NULL, 1, '{CC}', 0, 0),
('40VE', '40', 'VE', 2, NULL, NULL, NULL, NULL, NULL, 1, '{CC}', 0, 0),
('45FR', '45', 'FR', 2, NULL, NULL, NULL, NULL, NULL, 1, '{CC}', 0, 0),
('45HC', '45', 'HC', 2, NULL, NULL, NULL, NULL, NULL, 1, '{CC}', 0, 0),
('45HT', '45', 'HT', 2, NULL, NULL, NULL, NULL, NULL, 1, '{CC}', 0, 0),
('45OS', '45', 'OS', 2, NULL, NULL, NULL, NULL, NULL, 1, '{CC}', 0, 0),
('45OT', '45', 'OT', 2, NULL, NULL, NULL, NULL, NULL, 1, '{CC}', 0, 0),
('45PF', '45', 'PF', 2, NULL, NULL, NULL, NULL, NULL, 1, '{CC}', 0, 0),
('45RF', '45', 'RF', 2, NULL, NULL, NULL, NULL, NULL, 1, '{CC}', 0, 0),
('45RH', '45', 'RH', 2, NULL, NULL, NULL, NULL, NULL, 1, '{CC}', 0, 0),
('45TK', '45', 'TK', 2, NULL, NULL, NULL, NULL, NULL, 1, '{CC}', 0, 0),
('12GP', '12', 'GP', 1, NULL, NULL, NULL, NULL, NULL, 1, '{CC}', 0, 0),
('12RF', '12', 'RF', 1, NULL, NULL, NULL, NULL, NULL, 1, '{CC}', 0, 0),
('45GP', '45', 'GP', 2, NULL, NULL, NULL, NULL, NULL, 1, '{CC}', 0, 0),
('38GP', '38', 'GP', 1, NULL, NULL, NULL, NULL, NULL, 1, '{CC}', 0, 0),
('48HC', '48', 'HC', 2, NULL, NULL, NULL, NULL, NULL, 1, '{CC}', 0, 0),
('53HC', '53', 'HC', 2, NULL, NULL, NULL, NULL, NULL, 1, '{CC}', 0, 0),
('20OO', '20', 'OO', 1, NULL, NULL, NULL, NULL, NULL, 1, '{CC}', 0, 0),
('40OO', '40', 'OO', 2, NULL, NULL, NULL, NULL, NULL, 1, '{CC}', 0, 0),
('TEST', '12', 'OT', 2, NULL, NULL, NULL, NULL, NULL, 1, '{CC}', 0, 0),
('45G1', '40', 'OH', NULL, NULL, NULL, NULL, NULL, NULL, 1, '{CC}', 0, 0),
('10DG', '10', 'DG', 1, NULL, NULL, NULL, NULL, NULL, 1, '{CC}', 0, 0),
('10', '40', 'GP', NULL, NULL, NULL, NULL, NULL, NULL, 1, '{CC}', 0, 1),
('20DG', '20', 'DG', 1, NULL, NULL, NULL, NULL, NULL, 1, '{CC}', 0, 0),
('40DG', '40', 'DG', 2, NULL, NULL, NULL, NULL, NULL, 1, '{CC}', 0, 0),
('12DG', '12', 'DG', 1, NULL, NULL, NULL, NULL, NULL, 1, '{CC}', 0, 0),
('45DG', '45', 'DG', 2, NULL, NULL, NULL, NULL, NULL, 1, '{CC}', 0, 0),
('10DO', '10', 'DO', 1, NULL, NULL, NULL, NULL, NULL, 1, '{CC}', 0, 0),
('20DO', '20', 'DO', 1, NULL, NULL, NULL, NULL, NULL, 1, '{CC}', 0, 0),
('40DO', '40', 'DO', 2, NULL, NULL, NULL, NULL, NULL, 1, '{CC}', 0, 0),
('12DO', '12', 'DO', 1, NULL, NULL, NULL, NULL, NULL, 1, '{CC}', 0, 0),
('45DO', '45', 'DO', 2, NULL, NULL, NULL, NULL, NULL, 1, '{CC}', 0, 0),
('20', '40', 'GP', NULL, NULL, NULL, NULL, NULL, NULL, 1, '{CC}', 0, 1),
('LDJF', '23', 'GP', 12, NULL, NULL, NULL, NULL, NULL, 1, '{CC}', 0, 1);

--
-- 导出表中的数据 `G_COUNTRY`
--

INSERT INTO `G_COUNTRY` (`COUN_CODE`, `COUN_NAME_CN`, `COUN_NAME_EN`, `COMP_CODE`, `VERSION`) VALUES
('ZW', '津巴布韦', 'ZIMBABWE', '{CC}', 5),
('IR', '伊朗', 'IRAN, ISLAMIC REPUBLIC', '{CC}', 0),
('AD', '安道尔', 'ANDORRA', '{CC}', 0),
('AE', '阿拉伯联合酋长国', 'UNITED ARAB EMIRATES', '{CC}', 0),
('AF', '阿富汗', 'AFGHANISTAN', '{CC}', 1),
('AG', '安提瓜', 'ANTIGUA AND BARBUDA', '{CC}', 0),
('AI', '安圭拉', 'ANGUILLA', '{CC}', 0),
('AL', '阿尔巴尼亚', 'ALBANIA', '{CC}', 1),
('AM', '亚美尼亚', 'ARMENIA', '{CC}', 0),
('AN', '荷属安的列斯', 'NETHERLANDS AN', '{CC}', 1),
('AO', '安哥拉', 'ANGOLA', '{CC}', 0),
('AQ', '南极洲', 'ANTARCTICA', '{CC}', 0),
('AR', '阿根廷', 'ARGENTINA', '{CC}', 0),
('AS', '美属萨摩亚', 'AMERICAN SAMOA', '{CC}', 0),
('AT', '奥地利', 'AUSTRIA', '{CC}', 0),
('AU', '澳大利亚', 'AUSTRALIA', '{CC}', 0),
('AW', '阿鲁巴岛', 'ARUBA', '{CC}', 0),
('AZ', '阿塞拜疆', 'AZERBAIJAN', '{CC}', 0),
('BA', '波-黑', 'BOSNIA-HERCEGOVINA', '{CC}', 0),
('BB', '巴巴多斯', 'BARBADOS', '{CC}', 0),
('BD', '孟加拉', 'BANGLADESH', '{CC}', 0),
('BE', '比利时', 'BELGIUM', '{CC}', 0),
('BF', '布基纳法索', 'BURKINA FASO', '{CC}', 0),
('BG', '保加利亚', 'BULGARIA', '{CC}', 0),
('BH', '巴林', 'BAHRAIN', '{CC}', 0),
('BI', '布隆迪', 'BURUNDI', '{CC}', 0),
('BJ', '贝宁', 'BENIN', '{CC}', 0),
('BM', '百慕大群岛', 'BERMUDA', '{CC}', 0),
('BN', '文莱', 'BRUNEI DARUSSALAM', '{CC}', 0),
('BO', '玻利维亚', 'BOLIVIA', '{CC}', 0),
('BR', '巴西', 'BRAZIL', '{CC}', 0),
('BS', '巴哈马联邦', 'BAHAMAS', '{CC}', 0),
('BT', '不丹', 'BHUTAN', '{CC}', 0),
('BV', '布维岛', 'BOUVET ISLAND', '{CC}', 0),
('BW', '博茨瓦纳', 'BOTSWANA', '{CC}', 0),
('BY', '白俄罗斯', 'BELARUS', '{CC}', 0),
('BZ', '伯利兹', 'BELIZE', '{CC}', 0),
('CA', '加拿大', 'CANADA', '{CC}', 0),
('CC', '可可岛', 'COCOS(KEELING)ISLAND', '{CC}', 0),
('CF', '中非共和国', 'CENTRAL AFRICAN REP.', '{CC}', 0),
('CG', '刚果（布）', 'CONGO', '{CC}', 0),
('CH', '瑞士', 'SWITZERLAND', '{CC}', 0),
('CI', '科特迪瓦', 'COTE D''IVOIRE', '{CC}', 0),
('CK', '库克群岛', 'COOK ISLANDS', '{CC}', 0),
('CL', '智利', 'CHILE', '{CC}', 0),
('CM', '喀麦隆', 'CAMEROON', '{CC}', 0),
('CN', '中国', 'CHINA', '{CC}', 0),
('CO', '哥伦比亚', 'COLOMBIA', '{CC}', 0),
('CR', '哥斯达黎加', 'COSTA RICA', '{CC}', 0),
('CU', '古巴', 'CUBA', '{CC}', 0),
('CV', '佛得角群岛', 'CAPE VERDE', '{CC}', 0),
('CX', '圣诞岛', 'CHRISTMAS ISLANDS', '{CC}', 0),
('CY', '塞浦路斯', 'CYPRUS', '{CC}', 0),
('CZ', '捷克共和国', 'CZECH REPUBLIC', '{CC}', 0),
('DE', '德国', 'GERMANY, FEDERAL REPUB', '{CC}', 0),
('DJ', '吉布提', 'DJIBOUTI', '{CC}', 0),
('DK', '丹麦', 'DENMARK', '{CC}', 0),
('DM', '英属多米尼加', 'DOMINICA', '{CC}', 0),
('DO', '多米尼加共和国', 'DOMINICAN REP.', '{CC}', 0),
('DZ', '阿尔及利亚', 'ALGERIA', '{CC}', 0),
('EC', '厄瓜多尔', 'ECUADOR', '{CC}', 0),
('EE', '爱沙尼亚', 'ESTONIA', '{CC}', 0),
('EG', '埃及', 'EGYPT', '{CC}', 0),
('EH', '西撒哈拉', 'WESTERN SAHARA', '{CC}', 0),
('ER', '厄立特里亚', 'ERITREA', '{CC}', 0),
('ES', '西班牙', 'SPAIN', '{CC}', 0),
('ET', '埃塞俄比亚', 'ETHIOPIA', '{CC}', 0),
('FI', '芬兰', 'FINLAND', '{CC}', 0),
('FJ', '斐济', 'FIJI', '{CC}', 0),
('FK', '福克兰(马尔维纳斯)群岛', 'FALK', '{CC}', 0),
('FM', '密克罗', 'FED STATES MICRONES', '{CC}', 0),
('FO', '丹麦法罗群岛', 'FAEROE ISLANDS', '{CC}', 0),
('FR', '法国', 'FRANCE', '{CC}', 0),
('GA', '加蓬', 'GABON', '{CC}', 0),
('GB', '英国', 'UNITED KINGDOM', '{CC}', 0),
('GD', '格林纳达', 'GRENADA', '{CC}', 0),
('GE', '格鲁吉亚', 'GEORGIA', '{CC}', 0),
('GF', '法属圭亚那', 'FRENCH GUIANA', '{CC}', 0),
('GH', '加纳', 'GHANA', '{CC}', 0),
('GI', '直布罗陀', 'GIBRALTAR', '{CC}', 0),
('GL', '格陵兰', 'GREENLAND', '{CC}', 0),
('GM', '冈比亚', 'GAMBIA', '{CC}', 0),
('GN', '几内亚', 'GUINEA', '{CC}', 0),
('GP', '瓜德罗普岛', 'GUADELOUPE', '{CC}', 0),
('GQ', '赤道几内亚', 'EQUATORIAL GUINE', '{CC}', 0),
('GR', '希腊', 'GREECE', '{CC}', 0),
('GT', '危地马拉', 'GUATEMALA', '{CC}', 0),
('GU', '关岛', 'GUAM', '{CC}', 0),
('GW', '几内亚比绍', 'GUINEA-BISSAU', '{CC}', 0),
('GY', '圭亚那', 'GUYANA', '{CC}', 0),
('HK', '香港', 'HONG KONG', '{CC}', 0),
('HM', '赫德岛和麦克唐纳岛', 'HEARD ISLAND AND MCDONALD ISLAND', '{CC}', 0),
('HN', '洪都拉斯', 'HONDURAS', '{CC}', 0),
('HR', '克罗地亚', 'CROATIA', '{CC}', 0),
('HT', '海地', 'HAITI', '{CC}', 0),
('HU', '匈牙利', 'HUNGARY', '{CC}', 0),
('ID', '印度尼西亚', 'INDONESIA', '{CC}', 0),
('IE', '爱尔兰', 'IRELAND', '{CC}', 0),
('IL', '以色列', 'ISRAEL', '{CC}', 0),
('IN', '印度', 'INDIA', '{CC}', 0),
('IO', '英属印度洋领地', 'BRITISH INDIAN OCEAN TERRITORY', '{CC}', 0),
('IQ', '伊拉克', 'IRAQ', '{CC}', 0),
('IS', '冰岛', 'ICELAND', '{CC}', 0),
('IT', '意大利', 'ITALY', '{CC}', 0),
('JM', '牙买加', 'JAMAICA', '{CC}', 0),
('JO', '约旦', 'JORDAN', '{CC}', 0),
('JP', '日本', 'JAPAN', '{CC}', 0),
('KE', '肯尼亚', 'KENYA', '{CC}', 0),
('KG', '吉尔吉斯斯坦', 'KYRGYZSTAN', '{CC}', 0),
('KH', '柬埔寨', 'CAMBODIA', '{CC}', 0),
('KI', '基里巴斯', 'KIRIBATI', '{CC}', 0),
('KM', '科摩罗', 'COMOROS', '{CC}', 0),
('KN', '尼维斯联邦', 'ST KITTS-NEVIS', '{CC}', 0),
('KP', '朝鲜', 'KOREA, DEM PEOPLE''S RE', '{CC}', 0),
('KR', '韩国', 'KOREA', '{CC}', 0),
('KW', '科威特', 'KUWAIT', '{CC}', 0),
('KY', '开曼群岛', 'CAYMAN ISLANDS', '{CC}', 0),
('KZ', '哈萨克斯坦', 'KAZAKHSTAN', '{CC}', 0),
('LA', '老挝', 'LAO PEOPLE''S DEMOCRATI', '{CC}', 0),
('LB', '黎巴嫩', 'LEBANON', '{CC}', 0),
('LC', '圣卢西亚', 'SAINT LUCIA', '{CC}', 0),
('LI', '列支敦士登', 'LIECHTENSTEIN', '{CC}', 0),
('LK', '斯里兰卡', 'SRI LANKA', '{CC}', 0),
('LR', '利比里亚', 'LIBERIA', '{CC}', 0),
('LS', '莱索托', 'LESOTHO', '{CC}', 0),
('LT', '立陶宛', 'LITHUANIA', '{CC}', 0),
('LU', '卢森堡', 'LUXEMBOURG', '{CC}', 0),
('LV', '拉脱维亚', 'LATVIA', '{CC}', 0),
('LY', '利比亚', 'LYBIAN ARAB JAMAHIRI', '{CC}', 0),
('MA', '摩洛哥', 'MOROCCO', '{CC}', 0),
('MC', '摩纳哥', 'MONACO', '{CC}', 0),
('MD', '摩尔多瓦', 'MOLDOVA', '{CC}', 0),
('MG', '马达加斯加', 'MADAGASCAR', '{CC}', 0),
('MH', '马绍尔群岛', 'MARSHALL ISLANDS', '{CC}', 0),
('MK', '马其顿', 'FRMR YUGOSLAV REP OF', '{CC}', 0),
('ML', '马里', 'MALI', '{CC}', 0),
('MM', '缅甸', 'MYANMAR', '{CC}', 0),
('MN', '蒙古', 'MONGOLIA', '{CC}', 0),
('MO', '澳门', 'MACAU', '{CC}', 0),
('MP', '北马里亚纳群岛', 'NORTHERN MAR', '{CC}', 0),
('MQ', '马提尼克岛', 'MARTINIQUE', '{CC}', 0),
('MR', '毛里塔尼亚', 'MAURITANIA', '{CC}', 0),
('MS', '蒙特色纳岛', 'MONTSERRAT', '{CC}', 0),
('MT', '马耳他', 'MALTA', '{CC}', 0),
('MU', '毛里求斯', 'MAURITIUS', '{CC}', 0),
('MV', '马尔代夫', 'MALDIVES', '{CC}', 0),
('MW', '马拉维', 'MALAWI', '{CC}', 0),
('MX', '墨西哥', 'MEXICO', '{CC}', 0),
('MY', '马来西亚', 'MALAYSIA', '{CC}', 0),
('MZ', '莫桑比克', 'MOZAMBIQUE', '{CC}', 0),
('NA', '纳米比亚', 'NAMIBIA', '{CC}', 0),
('NC', '新喀里多尼亚', 'NEW CALEDONIA', '{CC}', 0),
('NE', '尼日尔', 'NIGER', '{CC}', 0),
('NF', '诺福克岛(英国)', 'NORFOLK ISLAND', '{CC}', 0),
('NG', '尼日利亚', 'NIGERIA', '{CC}', 0),
('NI', '尼加拉瓜', 'NICARAGUA', '{CC}', 0),
('NL', '荷兰', 'NETHERLANDS', '{CC}', 0),
('NO', '挪威', 'NORWAY', '{CC}', 0),
('NP', '尼泊尔', 'NEPAL', '{CC}', 0),
('NR', '瑙鲁', 'NAURU', '{CC}', 0),
('NU', '纽埃', 'NIUE', '{CC}', 0),
('NZ', '新西兰', 'NEW ZEALAND', '{CC}', 0),
('OM', '阿曼', 'OMAN', '{CC}', 0),
('PA', '巴拿马', 'PANAMA', '{CC}', 0),
('PE', '秘鲁', 'PERU', '{CC}', 0),
('PF', '法属波利尼西亚', 'FRENCH POLYN', '{CC}', 0),
('PG', '巴布亚新几内亚', 'PAPUA NEW GU', '{CC}', 0),
('PH', '菲律宾', 'PHILIPPINES', '{CC}', 0),
('PK', '巴基斯坦', 'PAKISTAN', '{CC}', 0),
('PL', '波兰', 'POLAND', '{CC}', 0),
('PM', '圣皮埃尔和密克隆', 'SAINT PIERRE AND MIQUELON', '{CC}', 0),
('PN', '皮特凯恩', 'PITCAIRN', '{CC}', 0),
('PR', '波多黎各', 'PUERTO RICO', '{CC}', 0),
('PT', '葡萄牙', 'PORTUGAL', '{CC}', 0),
('PW', '帛琉(菲律宾东南-群岛)', 'PALAU', '{CC}', 0),
('PY', '巴拉圭', 'PARAGUAY', '{CC}', 0),
('QA', '卡塔尔', 'QATAR', '{CC}', 0),
('RE', '留尼汪', 'REUNION', '{CC}', 0),
('RO', '罗马尼亚', 'ROMANIA', '{CC}', 0),
('RU', '俄罗斯', 'RUSSIAN FEDERATION', '{CC}', 0),
('RW', '卢旺达', 'RWANDA', '{CC}', 0),
('SA', '沙特阿拉伯', 'SAUDI ARABIA', '{CC}', 0),
('SB', '所罗门群岛', 'SOLOMON ISLANDS', '{CC}', 0),
('SC', '塞舌尔', 'SEYCHELLES', '{CC}', 0),
('SD', '苏丹', 'SUDAN', '{CC}', 0),
('SE', '瑞典', 'SWEDEN', '{CC}', 0),
('SG', '新加坡', 'SINGAPORE', '{CC}', 0),
('SH', '圣赫勒拿岛(英国)', 'ST HELENA', '{CC}', 0),
('SI', '斯洛文尼亚', 'SLOVENIA', '{CC}', 0),
('SJ', '斯瓦尔巴岛和扬马延岛', 'SVALARD AND JAN MAYEN', '{CC}', 0),
('SK', '斯洛伐克', 'SLOVAKIA', '{CC}', 0),
('SL', '塞拉利昂', 'SIERRA LEONE', '{CC}', 0),
('SM', '圣马力诺', 'SAN MARINO', '{CC}', 0),
('SN', '塞内加尔', 'SENEGAL', '{CC}', 0),
('SO', '索马里', 'SOMALIA', '{CC}', 0),
('SR', '苏里南', 'SURINAME', '{CC}', 0),
('ST', '圣多美和普林西比', 'SAO TOME AND PRINCIPE', '{CC}', 0),
('SV', '萨尔瓦多', 'EL SALVADOR', '{CC}', 0),
('SY', '叙利亚', 'SYRIAN ARAB REPUBLIC', '{CC}', 0),
('SZ', '斯威士兰', 'SWAZILAND', '{CC}', 0),
('TC', '土克斯及开科斯群岛', 'TURKS & CAICOS ISLAN', '{CC}', 0),
('TD', '乍得', 'CHAD', '{CC}', 0),
('TF', '法属南部领地', 'FRENCH SOUTHERN TERRITORIES', '{CC}', 0),
('TG', '多哥', 'TOGO', '{CC}', 0),
('TH', '泰国', 'THAILAND', '{CC}', 0),
('TJ', '塔吉克斯坦', 'TAJIKISTAN', '{CC}', 0),
('TM', '土库曼司坦', 'TURKMENISTAN', '{CC}', 0),
('TN', '突尼斯', 'TUNISIA', '{CC}', 0),
('TO', '汤加', 'TONGA', '{CC}', 0),
('TR', '土耳其', 'TURKEY', '{CC}', 0),
('TT', '特立尼达和多巴哥', 'TRINIDAD AND TOBAGO', '{CC}', 0),
('TV', '图瓦卢', 'TUVALU', '{CC}', 0),
('TW', '台湾', 'TAIWAN, PROVINCE OF CH', '{CC}', 0),
('TZ', '坦桑尼亚', 'TANZANIA, UNITED R', '{CC}', 0),
('UA', '乌克兰', 'UKRAINE', '{CC}', 0),
('UG', '乌干达', 'UGANDA', '{CC}', 0),
('UM', '美属外岛', 'US MINOR OUTLYING ISLA', '{CC}', 0),
('US', '美国', 'UNITED STATES', '{CC}', 0),
('UY', '乌拉圭', 'URUGUAY', '{CC}', 0),
('UZ', '乌兹别克斯坦', 'UZBEKISTAN', '{CC}', 0),
('VA', '梵蒂冈', 'VATICAN', '{CC}', 0),
('VC', '圣文森特', 'ST VINCENT-GRENADI', '{CC}', 0),
('VE', '委内瑞拉', 'VENEZUELA', '{CC}', 0),
('VG', '英属维尔京岛', 'BR. VIRGIN IS', '{CC}', 0),
('VI', '美属维尔京岛', 'VIRGIN ISLANDS, U.S.', '{CC}', 0),
('VN', '越南', 'VIET NAM', '{CC}', 0),
('VU', '瓦努阿图', 'VANUATU', '{CC}', 0),
('WF', '瓦利斯', 'WALLIS AND FUTUNA IS', '{CC}', 0),
('WS', '萨摩亚', 'SAMOA', '{CC}', 0),
('YE', '也门', 'YEMEN', '{CC}', 0),
('YU', '南斯拉夫', 'YUGOSLAVIA (Fed. R）', '{CC}', 0),
('ZA', '南非', 'SOUTH AFRICA', '{CC}', 0),
('ZM', '赞比亚', 'ZAMBIA', '{CC}', 0),
('ZR', '扎伊尔', 'ZAIRE', '{CC}', 0),
('CD', '民主刚果', 'Congo,DR', '{CC}', 0),
('CS', '塞尔维亚和黑山', 'SERBIA AND MONTENEGRO', '{CC}', 0),
('GS', '南乔治亚地区及南桑威奇群岛', 'SOUTH GEORGIA AND THE SOUTH SAND', '{CC}', 0),
('TK', '托克老群岛', 'TOKELAU', '{CC}', 0),
('TL', '东帝汶岛', 'EAST TIMOR', '{CC}', 0),
('XZ', '国际水域设施', 'INSTALLATIONS IN INTERNATIONAL W', '{CC}', 0),
('YT', '马约特', 'MAYOTTE', '{CC}', 0),
('01', '比利时', 'BILISHI', '{CC}', 0);


--
-- 导出表中的数据 `G_CHARGE_CLASS`
--

INSERT INTO `G_CHARGE_CLASS` (`CHCL_CODE`, `CHCL_NAME`, `ACTIVE`, `COMP_CODE`, `VERSION`, `REMOVED`) VALUES
('21', '仓储保管-搬运装卸类', 1, '{CC}', 0, 0),
('22', '保税监管类', 1, '{CC}', 0, 0),
('23', '报关报检-报关类', 1, '{CC}', 0, 0),
('24', '报关报检-报检类', 1, '{CC}', 0, 0),
('25', '仓储保管-仓储类', 1, '{CC}', 0, 0),
('26', '运费-干线类', 1, '{CC}', 0, 0),
('27', '港区作业-港区类', 1, '{CC}', 0, 0),
('28', '国外段类', 1, '{CC}', 0, 0),
('29', '集疏港运输类', 1, '{CC}', 0, 0),
('30', '港区作业-集装箱堆场/场站类', 1, '{CC}', 0, 0),
('31', '集装箱管理类', 1, '{CC}', 0, 0),
('32', '运费-佣金补贴分成类', 1, '{CC}', 0, 0),
('33', '增值服务类', 1, '{CC}', 0, 0),
('34', '运费-支线类', 1, '{CC}', 0, 0),
('35', '仓储保管-装拆箱类', 1, '{CC}', 0, 0),
('36', '运费-运费附加费类', 1, '{CC}', 0, 0),
('37', '订舱单证类', 1, '{CC}', 0, 0),
('38', '杂费类', 1, '{CC}', 0, 0),
('39', '定额包干费类', 1, '{CC}', 0, 0);


INSERT INTO `G_CHARGE` (`CHAR_CODE`, `CHAR_NAME`, `CHAR_NAME_EN`, `CURR_CODE`, `UNIT_ID`, `CHCL_ID`, `CHAR_CNY_P`, `CHAR_CNY_R`, `CHAR_USD_P`, `CHAR_USD_R`, `ACTIVE`, `COMP_CODE`, `VERSION`, `REMOVED`) VALUES
('HYF', '海运费', NULL, 'USD', 13, 20, NULL, NULL, NULL, NULL, 1, '{CC}', 0, 0),
('ENS', 'ENS', NULL, 'USD', 12, 20, NULL, NULL, NULL, NULL, 1, '{CC}', 0, 0),
('AMS', 'AMS', 'AMS', 'USD', 12, 20, NULL, NULL, NULL, NULL, 1, '{CC}', 0, 0),	
('LDF', '落地费', NULL, 'CNY', 13, 25, NULL, NULL, NULL, NULL, 1, '{CC}', 0, 0),
('DCF', '订舱费', NULL, 'CNY', 13, 21, NULL, NULL, NULL, NULL, 1, '{CC}', 0, 0),
('THC', 'THC', 'THC', 'CNY', 13, 21, NULL, NULL, NULL, NULL, 1, '{CC}', 0, 0),
('CDF', '舱单费', NULL, 'CNY', 12, 21, NULL, NULL, NULL, NULL, 1, '{CC}', 0, 0),
('WJF', '文件费', NULL, 'CNY', 12, 21, NULL, NULL, NULL, NULL, 1, '{CC}', 0, 0),
('GS', '关税', NULL, 'CNY', 12, 22, NULL, NULL, NULL, NULL, 1, '{CC}', 0, 0),
( 'ABF', '安保费', NULL, 'CNY', 13, 21, NULL, NULL, NULL, NULL, 1, '{CC}', 0, 0),
( 'ZXF', '装箱费', NULL, 'CNY', 13, 25, NULL, NULL, NULL, NULL, 1, '{CC}', 0, 0),
( 'LYF', '陆运费', NULL, 'CNY', 13, 25, NULL, NULL, NULL, NULL, 1, '{CC}', 0, 0),
( 'YDF', '运抵费', NULL, 'CNY', 13, 25, NULL, NULL, NULL, NULL, 1, '{CC}', 0, 0),
( 'MXF', '买箱费', NULL, 'CNY', 13, 25, NULL, NULL, NULL, NULL, 1, '{CC}', 0, 0),
( 'WSF', '危申费', NULL, 'CNY', 13, 21, NULL, NULL, NULL, NULL, 1, '{CC}', 0, 0),
( 'BGF', '报关费', NULL, 'CNY', 12, 22, NULL, NULL, NULL, NULL, 1, '{CC}', 0, 0),
( 'BJF', '报检费', NULL, 'CNY', 12, 22, NULL, NULL, NULL, NULL, 1, '{CC}', 0, 0),
( 'SJHZ', '商检换证费', NULL, 'CNY', 12, 22, NULL, NULL, NULL, NULL, 1, '{CC}', 0, 0),
( 'XJZ', '箱检证', NULL, 'CNY', 13, 22, NULL, NULL, NULL, NULL, 1, '{CC}', 0, 0),
( 'CFF', '船放费', NULL, 'CNY', 13, 21, NULL, NULL, NULL, NULL, 1, '{CC}', 0, 0),
( 'DLF', '代理费', NULL, 'CNY', 12, 21, NULL, NULL, NULL, NULL, 1, '{CC}', 0, 0),
( 'CZF', '操作费', NULL, 'CNY', 12, 21, NULL, NULL, NULL, NULL, 1, '{CC}', 0, 0),
( 'QFF', '铅封费', NULL, 'CNY', 13, 21, NULL, NULL, NULL, NULL, 1, '{CC}', 0, 0),
( 'GDF', '改单费', NULL, 'CNY', 12, 21, NULL, NULL, NULL, NULL, 1, '{CC}', 0, 0),
( 'TY', '退佣', NULL, 'CNY', 12, 26, NULL, NULL, NULL, NULL, 1, '{CC}', 0, 0),
( 'BGF', '包干费', NULL, 'CNY', 12, 21, NULL, NULL, NULL, NULL, 1, '{CC}', 0, 0),
( 'BXF', '保险费', NULL, 'CNY', 12, 23, NULL, NULL, NULL, NULL, 1, '{CC}', 0, 0),
( 'ZXF', '滞箱费', NULL, 'CNY', 13, 21, NULL, NULL, NULL, NULL, 1, '{CC}', 0, 0),
( 'GZF', '港杂费', NULL, 'CNY', 13, 21, NULL, NULL, NULL, NULL, 1, '{CC}', 0, 0),
( 'HDF', '换单费', NULL, 'CNY', 12, 21, NULL, NULL, NULL, NULL, 1, '{CC}', 0, 0),
( 'DFF', '电放费', NULL, 'CNY', 12, 21, NULL, NULL, NULL, NULL, 1, '{CC}', 0, 0),
( 'PZF', '拍照费', NULL, 'CNY', 12, 21, NULL, NULL, NULL, NULL, 1, '{CC}', 0, 0),
( 'XZF', '熏蒸费', NULL, 'CNY', 12, 21, NULL, NULL, NULL, NULL, 1, '{CC}', 0, 0),
( 'SBFWF', '设备服务费', NULL, 'CNY', 13, 21, NULL, NULL, NULL, NULL, 1, '{CC}', 0, 0),
( 'DDF', '倒短费', NULL, 'CNY', 13, 21, NULL, NULL, NULL, NULL, 1, '{CC}', 0, 0),
( 'MT', '贴唛头费', NULL, 'CNY', 12, 21, NULL, NULL, NULL, NULL, 1, '{CC}', 0, 0),
( 'QTFY', '其他费用', NULL, 'CNY', 12, 21, NULL, NULL, NULL, NULL, 1, '{CC}', 0, 0),
( 'ZZS', '增值税', NULL, 'CNY', 12, 24, NULL, NULL, NULL, NULL, 1, '{CC}', 0, 0),
( 'YCF', '押车费', NULL, 'CNY', 12, 25, NULL, NULL, NULL, NULL, 1, '{CC}', 0, 0),
( 'YHF', '验货费', NULL, 'CNY', 12, 22, NULL, NULL, NULL, NULL, 1, '{CC}', 0, 0),
( 'DDIF', '代垫费', NULL, 'CNY', 12, 21, NULL, NULL, NULL, NULL, 1, '{CC}', 0, 0),
( 'ZCH', '转船费', NULL, 'CNY', 12, 21, NULL, NULL, NULL, NULL, 1, '{CC}', 0, 0),
( 'JZF', '监装费', NULL, 'CNY', 12, 21, NULL, NULL, NULL, NULL, 1, '{CC}', 0, 0),
( 'WBF', '危标费', NULL, 'CNY', 12, 21, NULL, NULL, NULL, NULL, 1, '{CC}', 0, 0),
( 'XCF', '卸车费', NULL, 'CNY', 33, 25, NULL, NULL, NULL, NULL, 1, '{CC}', 0, 0),
( 'JGF', '加固费', NULL, 'CNY', 13, 25, NULL, NULL, NULL, NULL, 1, '{CC}', 0, 0),
( 'RKF', '入库费', NULL, 'CNY', 13, 25, NULL, NULL, NULL, NULL, 1, '{CC}', 0, 0),
( 'JGF', '监管费', NULL, 'CNY', 13, 21, NULL, NULL, NULL, NULL, 1, '{CC}', 0, 0),
( 'DCUF', '堆存费', NULL, 'CNY', 12, 25, NULL, NULL, NULL, NULL, 1, '{CC}', 0, 0),
( 'DXF', '调箱费', NULL, 'CNY', 13, 25, NULL, NULL, NULL, NULL, 1, '{CC}', 0, 0),
( 'TZXF', '提重箱费', NULL, 'CNY', 13, 25, NULL, NULL, NULL, NULL, 1, '{CC}', 0, 0);
	
--
-- 导出表中的数据 `G_CURRENCY`
--

INSERT INTO `G_CURRENCY` (`CURR_CODE`, `CURR_NAME`, `CURR_SYMBOL`, `ACTIVE`, `COMP_CODE`, `VERSION`, `REMOVED`) VALUES
('USD', '美元', '$', 1, '{CC}', 0, 0),
('CNY', '人民币', '￥', 1, '{CC}', 0, 0);

--
-- 导出表中的数据 `G_DOCUMENT_TYPE`
--

INSERT INTO `G_DOCUMENT_TYPE` (`DOTY_CODE`, `DOTY_NAME`, `DOTY_CLASS`, `DOTY_RETURN_FLAG`, `DOTY_BACK_FLAG`, `ACTIVE`, `COMP_CODE`, `VERSION`, `REMOVED`) VALUES
('FP', '发票', '10', 0, 0, 1, '{CC}', 1, 0),
('PZZS', '品质证书', '11', 0, 0, 1, '{CC}', 1, 0),
('ZLZS', '重量证书', '11', 0, 0, 1, '{CC}', 1, 0),
('SLZS', '数量证书', '11', 0, 0, 1, '{CC}', 1, 0),
('SYWSZS', '兽医卫生证书', '11', 0, 0, 1, '{CC}', 1, 0),
('JKZS', '健康证书', '11', 0, 0, 1, '{CC}', 1, 0),
('WSZS', '卫生证书', '11', 0, 0, 1, '{CC}', 1, 0),
('DWWSZS', '动物卫生证书', '11', 0, 0, 1, '{CC}', 1, 0),
('ZWJYZS', '植物检疫证书', '11', 0, 0, 1, '{CC}', 1, 0),
('XZXDZS', '熏蒸消毒证书', '11', 0, 0, 1, '{CC}', 1, 0),
('CRHWHZPD', '出入货物换证凭单', '11', 0, 0, 1, '{CC}', 1, 0),
('HT', '合同', '10', 0, 0, 1, '{CC}', 1, 0),
('XYZ', '信用证', '10', 0, 0, 1, '{CC}', 1, 0),
('HZPD', '换证凭单', '10', 0, 0, 1, '{CC}', 1, 0),
('ZXD', '装箱单', '10', 0, 0, 1, '{CC}', 1, 0),
('CJD', '厂检单', '10', 0, 0, 1, '{CC}', 1, 0),
('BZXNJGD', '包装性能结果单', '10', 0, 0, 1, '{CC}', 1, 0),
('XKSPWJ', '许可/审批文件', '10', 0, 0, 1, '{CC}', 1, 0),
('XD', '箱单', '12', 0, 0, 1, '{CC}', 1, 0),
('FP', '发票', '12', 0, 0, 1, '{CC}', 1, 0),
('BGWT', '报关委托', '12', 0, 0, 1, '{CC}', 1, 0),
('BJWT', '报检委托(需商检货)', '12', 0, 0, 1, '{CC}', 1, 0),
('FMZBZZM', '非木质包装证明(非木质包装货)', '12', 0, 0, 1, '{CC}', 1, 0),
('HXD', '核销单', '12', 0, 0, 1, '{CC}', 1, 0),
('YPZM', '药品证明(出口货为药品)', '12', 0, 0, 1, '{CC}', 1, 0),
('CZSJ', '场站收据', '12', 0, 0, 1, '{CC}', 1, 0),
('JKBGD', '进口报关单', '30', 0, 0, 1, '{CC}', 1, 0),
('CKBGD', '出口报关单', '30', 0, 0, 1, '{CC}', 1, 0),
('RJHWJYJYZM', '入境货物检验检疫证明', '30', 0, 0, 1, '{CC}', 1, 0),
('JKSD', '进口税单', '30', 0, 0, 1, '{CC}', 1, 0),
('CRJJYJYGGSQD', '出入境检验检疫更改申请单', '30', 0, 0, 1, '{CC}', 1, 0),
('TD', '提单', '30', 0, 0, 1, '{CC}', 1, 0);

--
-- 导出表中的数据 `G_EXCHANGE_SETTLEMENT`
--

INSERT INTO `G_EXCHANGE_SETTLEMENT` (`EXSE_CODE`, `EXSE_NAME`, `ACTIVE`, `COMP_CODE`, `VERSION`, `REMOVED`) VALUES
('1', '信汇', 1, '{CC}', 0, 0),
('2', '电汇', 1, '{CC}', 0, 0),
('3', '票    汇', 1, '{CC}', 0, 0),
('4', '付款交单', 1, '{CC}', 0, 0),
('5', '承兑交单', 1, '{CC}', 0, 0),
('6', '信 用 证', 1, '{CC}', 0, 0),
('7', '先出后结', 1, '{CC}', 0, 0),
('8', '先结后出', 1, '{CC}', 0, 0),
('9', '其    他', 1, '{CC}', 0, 0);

--
-- 导出表中的数据 `G_ISSUE_TYPE`
--

INSERT INTO `G_ISSUE_TYPE` (`ISTY_CODE`, `ISTY_NAME`, `ACTIVE`, `COMP_CODE`, `VERSION`, `REMOVED`) VALUES
('1', '正本', 1, '{CC}', 0, 0),
('2', '电放', 1, '{CC}', 0, 0),
('3', 'SEAWAYBILL', 1, '{CC}', 0, 0),
('4', '其它', 1, '{CC}', 0, 0);

--
-- 导出表中的数据 `G_LEVY_TYPE`
--

INSERT INTO `G_LEVY_TYPE` (`LETY_CODE`, `LETY_NAME`, `ACTIVE`, `COMP_CODE`, `VERSION`, `REMOVED`) VALUES
('101', '一般征税', 1, '{CC}', 0, 0),
('502', '来料加工', 1, '{CC}', 0, 0),
('503', '进料加工', 1, '{CC}', 0, 0),
('601', '中外合资', 1, '{CC}', 0, 0),
('602', '中外合作', 1, '{CC}', 0, 0),
('603', '外资企业', 1, '{CC}', 0, 0),
('789', '鼓励项目', 1, '{CC}', 0, 0),
('799', '自有资金', 1, '{CC}', 0, 0);



--
-- 导出表中的数据 `G_PAYMENT_TERM`
--

INSERT INTO `G_PAYMENT_TERM` (`PATE_CODE`, `PATE_NAME`, `ACTIVE`, `COMP_CODE`, `VERSION`, `REMOVED`) VALUES
('P', 'FREIGHT PREPAID', 1, '{CC}', 0, 0),
('C', 'FREIGHT COLLECT', 1, '{CC}', 0, 0),
('F', 'FREE', 1, '{CC}', 0, 0),
('E', '第三地付款', 1, '{CC}', 0, 0),
('L', '第一程预付/第二程到付', 1, '{CC}', 0, 0);

--
-- 导出表中的数据 `G_PLACE`
--

INSERT INTO `G_PLACE` (`PLAC_CODE`, `PLAC_NAME`, `PLAC_NAME_EN`, `PLAC_TYPE`, `COUN_CODE`, `PLAC_PROVINCE_ID`, `PLAC_PROVINCE_NAME`, `PLAC_CITY_NAME`, `ACTIVE`, `COMP_CODE`, `VERSION`, `REMOVED`) VALUES
('YSG', '洋山港', 'YANSHAN', 3, 'CN', NULL, NULL, NULL, 1, '{CC}', 0, 0),
('JGL', '军公路码头', 'JUNGONGLU', 3, 'CN', NULL, NULL, NULL, 1, '{CC}', 1, 1),
('JGL', '军公路港务', 'JUNGONGLU', 3, 'CN', NULL, NULL, NULL, 1, '{CC}', 1, 0),
('ZHB', '张华浜港务', 'ZHANGHUABANG', 3, 'CN', NULL, NULL, NULL, 1, '{CC}', 1, 0),
('BSG', '宝山港务', 'BAOSHAN', 3, 'CN', NULL, NULL, NULL, 1, '{CC}', 1, 0),
('LJRQ', '罗泾二期', 'LUOJINGERQI', 3, 'CN', NULL, NULL, NULL, 1, '{CC}', 1, 0),
('SGWC', '上钢五厂', 'SHANGGANGWUCHANG', 3, 'CN', NULL, NULL, NULL, 1, '{CC}', 1, 0),
('TCWX', '拖出维修', 'TUOCHUWEIXIU', 3, 'CN', NULL, NULL, NULL, 1, '{CC}', 2, 0);

--
-- 导出表中的数据 `G_SETTLEMENT_WAY`
--

INSERT INTO `G_PAYMENT_WAY` (`PAYW_CODE`, `PAYW_NAME`, `ACTIVE`, `COMP_CODE`, `VERSION`, `REMOVED`) VALUES
('DH', '电汇', 1, 'JAH', 0, 0),
('ZP', '支票', 1, 'JAH', 0, 0),
('WHHK', '外汇划款', 1, 'JAH', 0, 0),
('DZLH', '电子联行付款', 1, 'JAH', 0, 0),
('DJPZ', '贷记凭证', 1, 'JAH', 0, 0),
('XJ', '现金', 1, 'JAH', 0, 0),
('SD', '水单', 1, 'JAH', 0, 0),
('ZZ', '转帐', 1, 'JAH', 0, 0),
('TS', '托收', 1, 'JAH', 0, 0),
('NK', '银行内扣', 1, 'JAH', 0, 0),
('BP', '本票', 1, 'JAH', 0, 0),
('HP', '汇票', 1, 'JAH', 0, 0),
('CE', '定舱差额', 1, 'JAH', 0, 0),
('RLC', '入立成', 1, 'JAH', 0, 0),
('QL', '帐务清理', 1, 'JAH', 0, 0);


INSERT INTO `G_SETTLEMENT_WAY` (`SEWA_CODE`, `SEWA_NAME`, `ACTIVE`, `COMP_CODE`, `VERSION`, `REMOVED`) VALUES
('PPYJ', '普票月结', 1, 'JAH', 0, 0),
('ZPYJ', '专票月结', 1, 'JAH', 0, 0),
('PPPJ', '普票票结', 1, 'JAH', 0, 0),
('ZPPJ', '专票票结', 1, 'JAH', 0, 0),
('BKP', '不开票', 1, 'JAH', 0, 0);


--
-- 导出表中的数据 `G_SHIPPING_LINE`
--

INSERT INTO `G_SHIPPING_LINE` (`SHLI_CODE`, `SHLI_NAME`, `SHLI_NAME_EN`, `SHLI_BULK_FLAG`, `SHLI_CONT_FLAG`, `ACTIVE`, `COMP_CODE`, `VERSION`, `REMOVED`) VALUES
('CNKOR', '中国-南韩', 'CN-KOREA', 1, 1, 1, '{CC}', 0, 0),
('CNRUS', '中国一俄罗斯远东', 'CN-RUSSIA', 1, 1, 1, '{CC}', 0, 0),
('CNSEA', '中国一东南亚', 'CN-SOUTHEAST ASIA', 1, 1, 1, '{CC}', 0, 0),
('CNRSP', '中国-红海', 'CN-RED SEA PORT', 1, 1, 1, '{CC}', 0, 0),
('CNPSG', '中国一波斯湾', 'CN-PERSIAN GULF', 1, 1, 1, '{CC}', 0, 0),
('CNAFR', '中国一非洲', 'CN-AFRICA', 1, 1, 1, '{CC}', 0, 0),
('CNMED', '中国一地中海', 'CN-MEDITERRANEAN', 1, 1, 1, '{CC}', 0, 0),
('CNEUR', '中国一欧洲', 'CN-EUROPE', 1, 1, 1, '{CC}', 0, 0),
('CNAUS', '中国一澳新', 'CN-AUSTRALIA,NEW ZEALAND', 1, 1, 1, '{CC}', 0, 0),
('CNUSA', '中国一美国', 'CN-USA', 1, 1, 1, '{CC}', 0, 0),
('CNCAN', '中国一加拿大', 'CN-CANADA', 1, 1, 1, '{CC}', 0, 0),
('CNSAM', '中国一南美洲', 'CN-SOUTH AMERCIA', 1, 1, 1, '{CC}', 0, 0),
('CNCCM', '中国一中美洲,加勒比海', 'CN-CENTRAL AMERICA,CARIBBEAN,MEX', 1, 1, 1, '{CC}', 0, 0),
('CNJAP', '中国-日本', 'CN-JAPAN', 1, 1, 1, '{CC}', 0, 0),
('CNIND', '中国-印巴', 'CN-INDIA', 1, 1, 1, '{CC}', 0, 0);

--
-- 导出表中的数据 `G_TRADE_TERM`
--

INSERT INTO `G_TRADE_TERM` (`TRTE_CODE`, `TRTE_NAME`, `ACTIVE`, `COMP_CODE`, `VERSION`, `REMOVED`) VALUES
('1', 'CIF', 1, '{CC}', 0, 0),
('2', 'C&F', 1, '{CC}', 0, 0),
('3', 'FOB', 1, '{CC}', 0, 0),
('4', 'C&I ', 1, '{CC}', 0, 0),
('5', '市场价', 1, '{CC}', 0, 0),
('6', '垫仓', 1, '{CC}', 0, 0);

--
-- 导出表中的数据 `G_TRADE_TYPE`
--

INSERT INTO `G_TRADE_TYPE` (`TRTY_CODE`, `TRTY_NAME`, `ACTIVE`, `COMP_CODE`, `VERSION`, `REMOVED`) VALUES
('0110', '一般贸易', 1, '{CC}', 0, 0),
('0130', '易货贸易', 1, '{CC}', 0, 0),
('0139', '旅游购物商品', 1, '{CC}', 0, 0),
('0200', '料件放弃', 1, '{CC}', 0, 0),
('0214', '来料加工', 1, '{CC}', 0, 0),
('0245', '来料料件内销', 1, '{CC}', 0, 0),
('0255', '来料深加工', 1, '{CC}', 0, 0),
('0258', '来料余料结转', 1, '{CC}', 0, 0),
('0265', '来料料件复出', 1, '{CC}', 0, 0),
('0300', '来料料件退换', 1, '{CC}', 0, 0),
('0314', '加工专用油', 1, '{CC}', 0, 0);

--
-- 导出表中的数据 `G_TRANS_TERM`
--

INSERT INTO `G_TRANS_TERM` (`TRAN_CODE`, `TRAN_NAME`, `TRAN_BULK_FLAG`, `TRAN_CONT_FLAG`, `ACTIVE`, `COMP_CODE`, `VERSION`, `REMOVED`) VALUES
('CY-CY', '场到场', 1, 1, 1, '{CC}', 0, 0),
('CY-CFS', '场到站', 1, 1, 1, '{CC}', 0, 0),
('CY-Door', '场到门', 1, 1, 1, '{CC}', 0, 0),
('Door-Door', '门到门', 1, 1, 1, '{CC}', 0, 0),
('Door-CY', '门到场', 1, 1, 1, '{CC}', 0, 0),
('Door-CFS', '门到站', 1, 1, 1, '{CC}', 0, 0),
('CFS-Door', '站到门', 1, 1, 1, '{CC}', 0, 0),
('CFS-CY', '站到场', 1, 1, 1, '{CC}', 0, 0),
('CFS-CFS', '站到站', 1, 1, 1, '{CC}', 0, 0),
('FILO', '舱底', 1, 1, 1, '{CC}', 0, 0),
('FIO', 'FIO', 1, 1, 1, '{CC}', 0, 0),
('FLT', '班轮', 1, 1, 1, '{CC}', 0, 0),
('HOOK TO HOOK', 'HTH', 1, NULL, 1, '{CC}', 0, 0),
('FREE IN UNDER HOOK', 'FIUH', 1, NULL, 1, '{CC}', 1, 0),
('HOOK IN LINE OUT', 'HILO', 1, NULL, 1, '{CC}', 0, 0),
('FILO&FIO', 'FILO&FIO', 1, NULL, 1, '{CC}', 0, 0),
('LINER IN LINER OUT', 'LINER IN LINER OUT', 1, NULL, 1, '{CC}', 0, 0);

--
-- 导出表中的数据 `G_TRANS_TYPE`
--

INSERT INTO `G_TRANS_TYPE` (`TRAT_CODE`, `TRAT_NAME`, `ACTIVE`, `COMP_CODE`, `VERSION`, `REMOVED`) VALUES
('1', '监管仓库', 1, '{CC}', 0, 0),
('2', '江海运输', 1, '{CC}', 0, 0),
('3', '铁路运输', 1, '{CC}', 0, 0),
('0', '非保税区', 1, '{CC}', 0, 0),
('4', '汽车运输', 1, '{CC}', 0, 0),
('5', '航空运输', 1, '{CC}', 0, 0),
('6', '邮件运输', 1, '{CC}', 0, 0),
('7', '保税区', 1, '{CC}', 0, 0),
('8', '保税仓库', 1, '{CC}', 0, 0),
('9', '其它运输', 1, '{CC}', 0, 0),
('A', '全部运输', 1, '{CC}', 0, 0),
('W', '物流中心', 1, '{CC}', 0, 0),
('X', '物流园区', 1, '{CC}', 0, 0),
('Y', '保税港区', 1, '{CC}', 0, 0),
('Z', '出口加工', 1, '{CC}', 0, 0);

--
-- 导出表中的数据 `G_UNIT`
--

INSERT INTO `G_UNIT` (`UNIT_CODE`, `UNIT_NAME`, `ACTIVE`, `COMP_CODE`, `VERSION`, `REMOVED`) VALUES
('FT', '计费吨', 1, '{CC}', 0, 0),
('40E', '40空箱', 1, '{CC}', 0, 1),
('40F', '40重箱', 1, '{CC}', 0, 1),
('HR', '小时', 1, '{CC}', 0, 1),
('T', '吨', 0, '{CC}', 0, 1),
('KGS', '千克', 1, '{CC}', 0, 0),
('CBM', '立方米', 1, '{CC}', 0, 0),
('LT', '公升', 1, '{CC}', 0, 1),
('KM', '公里', 0, '{CC}', 0, 1),
('20E', '20空箱', 1, '{CC}', 0, 1),
('20F', '20重箱', 1, '{CC}', 0, 1),
('EACH', '票', 1, '{CC}', 0, 0),
('CONT', '箱', 1, '{CC}', 0, 0),
('DAY', '天', 1, '{CC}', 0, 1),
('P', '人', 1, '{CC}', 0, 1),
('C', '摄氏', 1, '{CC}', 0, 1),
('F', '华氏', 1, '{CC}', 0, 1),
('BBBB', 'AAA', 1, '{CC}', 0, 1),
('HP', '马力', 1, '{CC}', 0, 1),
('KW', '千瓦', 1, '{CC}', 0, 1),
('TIME', '次', 1, '{CC}', 0, 1),
('MIN', '分钟', 1, '{CC}', 0, 1),
('40CTN', '大箱型', 1, '{CC}', 0, 1),
('M', '米', 1, '{CC}', 0, 1),
('20CTN', '小箱型', 1, '{CC}', 0, 1),
('TEU', 'TEU', 1, '{CC}', 0, 1),
('大箱', '大箱', 1, '{CC}', 0, 1),
('UNIT     ', '个   ', 1, '{CC}', 0, 1),
('小箱', '小箱', 1, '{CC}', 0, 1),
('kg', '公斤', 1, '{CC}', 0, 1),
('kgs', '公斤', 1, '{CC}', 0, 1),
('CM', '厘米', 1, '{CC}', 0, 1),
('TON', '吨', 1, '{CC}', 0, 0),
('20GP', '标准柜', 1, '{CC}', 0, 1),
('40GP', '大柜', 1, '{CC}', 0, 1),
('BUNDLES', '捆', 1, '{CC}', 0, 0),
('PIECES', '支', 1, '{CC}', 0, 0),
('W/CASE', '木箱', 1, '{CC}', 0, 0),
('MTS', 'MTS', 1, '{CC}', 0, 0);

INSERT INTO `G_PACKAGE` (`PACK_CODE`, `PACK_NAME`, `ACTIVE`, `COMP_CODE`, `VERSION`, `REMOVED`) VALUES
('BAGS', 'BAGS', 1, '{CC}', 0, 0),
('BIG BAGS', 'BIG BAGS', 1, '{CC}', 0, 0),
('BALES', 'BALES', 1, '{CC}', 0, 0),
('BOXES', 'BOXES', 1, '{CC}', 0, 0),
('BDLS', 'BUNDLES', 1, '{CC}', 0, 0),
('BUNDLES', 'BUNDLES', 1, '{CC}', 0, 1),
('BTL', 'BOTTOLS', 1, '{CC}', 0, 0),
('BOTTOLS', 'BTLS', 1, '{CC}', 0, 0),
('BLDS', 'BLDS', 1, '{CC}', 0, 0),
('CANS', 'CANS', 1, '{CC}', 0, 0),
('CASES', 'CASES', 1, '{CC}', 0, 0),
('CLOTH BA', 'CLOTH BALE', 1, '{CC}', 0, 0),
('CNTRS', 'CONTAINERS', 1, '{CC}', 0, 0),
('COILS', 'COILS', 1, '{CC}', 0, 0),
('COM', 'COMPOUND BAGS', 1, '{CC}', 0, 0),
('CRATE', 'CRATES', 1, '{CC}', 0, 0),
('CTNS', 'CARTONS', 1, '{CC}', 0, 0),
('C/DRUM', 'CARDBOARD DRUMS', 1, '{CC}', 0, 0),
('CYL', 'CYLINDERS', 1, '{CC}', 0, 0),
('DZS', 'DOZENS', 1, '{CC}', 0, 0),
('DRUMS', 'DRUMS', 1, '{CC}', 0, 0),
('DOUBLE', 'DOUBLE PP BAGS', 1, '{CC}', 0, 0),
('DUNDLES', 'DUNDLES', 1, '{CC}', 0, 0),
('ENDCAPS', 'CLEAR FLOAT GLASS', 1, '{CC}', 0, 0),
('FDRUMS', 'FIBRE DRUMS', 1, '{CC}', 0, 0),
('GUN', 'GUNNY SACKS', 1, '{CC}', 0, 0),
('GUNNY', 'GUNNY BAG', 1, '{CC}', 0, 0),
('HANGERS', 'HANGERS', 1, '{CC}', 0, 0),
('IRONPALE', 'IRON PALLETS', 1, '{CC}', 0, 0),
('IRON C', 'IRON CRATES', 1, '{CC}', 0, 0),
('IRON DRU', 'IRON DRUMS', 1, '{CC}', 0, 0),
('JUMBOBAG', 'JUMBO BAGS', 1, '{CC}', 0, 0),
('KINT BAG', 'KINTTING BAG', 1, '{CC}', 0, 0),
('LOT', 'LOT', 1, '{CC}', 0, 0),
('MTS', 'MTS', 1, '{CC}', 0, 0),
('PAPER', 'PAPER BAGS', 1, '{CC}', 0, 0),
('PCS', 'PIECES', 1, '{CC}', 0, 0),
('P/CS', 'PLYWOOD CASES', 1, '{CC}', 0, 0),
('PLT', 'PALLET', 1, '{CC}', 0, 0),
('PLTS', 'PALLETS', 1, '{CC}', 0, 0),
('PAIRS', 'PAIRS', 1, '{CC}', 0, 0),
('PLASTICD', 'PLASTIC DRUMS', 1, '{CC}', 0, 0),
('PLASTICB', 'PLASTIC BAGS', 1, '{CC}', 0, 0),
('PPWOVENB', 'PP WOVEN BAGS', 1, '{CC}', 0, 0),
('PRS', 'PRS', 1, '{CC}', 0, 0),
('PRESS PA', 'PRESS PACKED BALES', 1, '{CC}', 0, 0),
('PACKAGES', 'PACKAGES', 1, '{CC}', 0, 0),
('RACKS', 'RACKS', 1, '{CC}', 0, 0),
('ROLLS', 'ROLLS', 1, '{CC}', 0, 0),
('REELS', 'REELS', 1, '{CC}', 0, 0),
('S/P', 'SETS/PCS', 1, '{CC}', 0, 0),
('SKIDS', 'SKIDS', 1, '{CC}', 0, 0),
('SETS', 'SETS', 1, '{CC}', 0, 0),
('SACKS', 'SACKS', 1, '{CC}', 0, 0),
('SUPER', 'SUPER SACKS', 1, '{CC}', 0, 0),
('SB.CASES', 'SYNTHETIC BOARD CASES', 1, '{CC}', 0, 0),
('TUBES', 'TUBES', 1, '{CC}', 0, 0),
('TRAYS', 'TRAYS', 1, '{CC}', 0, 0),
('TINS', 'TINS', 1, '{CC}', 0, 0),
('TANK', 'TANK', 1, '{CC}', 0, 0),
('T/BAGS', 'TOTE BAGS', 1, '{CC}', 0, 0),
('UNPACKED', 'UNPACKED', 1, '{CC}', 0, 0),
('UNITS', 'UNITS', 1, '{CC}', 0, 0),
('W/P', 'WOODEN PALLETS', 1, '{CC}', 0, 0),
('WDCS', 'WDCS', 1, '{CC}', 0, 0),
('WOVEN BS', 'WOVEN BAGS', 1, '{CC}', 0, 0),
('W/BAGS', 'WEAVING BAGS', 1, '{CC}', 0, 0),
('W/CS', 'WOODEN CASES', 1, '{CC}', 0, 0),
('W/BS', 'WOODEN BOXES', 1, '{CC}', 0, 0),
('W/CRS', 'WOODEN CRATES', 1, '{CC}', 0, 0),
('W/DRUMS', 'WOODEN DRUMS', 1, '{CC}', 0, 0)
;

--
-- 导出表中的数据 `G_USAGE`
--

INSERT INTO `G_USAGE` (`USAG_CODE`, `USAG_NAME`, `ACTIVE`, `COMP_CODE`, `VERSION`, `REMOVED`) VALUES
('WMNX', '外贸自营内销', 1, '{CC}', 0, 0),
('TQNX', '特区内销', 1, '{CC}', 0, 0),
('QTNX', '其他内销', 1, '{CC}', 0, 0),
('QYZY', '企业自用', 1, '{CC}', 0, 0),
('JGFX', '加工返销', 1, '{CC}', 0, 0),
('JY', '借用', 1, '{CC}', 0, 0),
('BZJ', '收保证金', 1, '{CC}', 0, 0),
('FREE', '免费提供', 1, '{CC}', 0, 0),
('ZJTG', '作价提供', 1, '{CC}', 0, 0),
('HYGG', '货样广告品', 1, '{CC}', 0, 0),
('QT', '其他', 1, '{CC}', 0, 0),
('YCDJ', '以产顶进', 1, '{CC}', 0, 0);

--
-- 服务项目 `G_SERVICE_ITEM`
--

INSERT INTO `G_SERVICE_ITEM` (`SEIT_CODE`, `SEIT_NAME`, `ACTIVE`, `COMP_CODE`, `VERSION`, `REMOVED`) VALUES
('TC', '拖车运输', 1, '{CC}', 0, 0),
('GZ', '港装', 1, '{CC}', 0, 0),
('MT', '码头', 1, '{CC}', 0, 0),
('DC', '订舱', 1, '{CC}', 0, 0),
('WXP', '危品申报/备案', 1, '{CC}', 0, 0),
('QT', '码头其它', 1, '{CC}', 0, 0);


--
-- 导出表中的数据 `P_SERIAL_RULE`
--

INSERT INTO `P_SERIAL_RULE` (`seru_code`, `seru_name`, `comp_code`, `seru_rule`, `seru_sn_length`, `seru_uniq_suffix`, `seru_loop_period`) VALUES
('consign_no', '委托编号', '{CC}', '<COMP><CONS_TYPE><YY><SN>', 6, '<COMP><CONS_TYPE><YY>', 3),
('invoice_no', '发票编号', '{CC}', '<COMP><YY>I<SN>', 6, '<YY>', 3),
('pr_no', '托收单/付款申请编号', '{CC}', '<RP><CUR><YY>P<SN>', 6, '<YY>', 3),
('voucher_no', '收款单', '{CC}', '<COMP><YY>V<SN>', 6, '<YY>', 3),
('bill_no', '账单', '{CC}', '<COMP><YY>B<SN>', 6, '<YY>', 3),
('tran_no', '陆运联系单号', '{CC}', '<COMP><YY>DY<SN>', 6, '<YY>', 3),
('ware_no', '仓储单号', '{CC}', '<COMP><YY>W<SN>', 6, '<COMP><YY>', 3),
('ws_consign_no', '网上订舱编号', '{CC}', '<COMP>W<YY><SN>', 6, '<COMP>W<YY>', 3);
--
-- 导出表中的数据 `P_TEMPLATE`
--

INSERT INTO `P_TEMPLATE` (`TEMP_NAME`, `TEMP_CLASS`, `TEMP_TYPE`, `TETY_ID`, `TETY_CODE`, `TETY_NAME`, `TEMP_FILE_NAME`, `TEMP_DESC`, `ACTIVE`, `CREATE_BY`, `CREATE_TIME`, `MODIFY_BY`, `MODIFY_TIME`, `COMP_CODE`, `VERSION`, `REMOVED`) VALUES
('订舱委托书', 'B', 'xls', 26, 'CONS_B', '订舱委托书', NULL, '订舱委托书模板', 1, 1, '2008-10-10 00:00:00', 1, '2008-10-10 00:00:00', '{CC}', 0, 0),
('订舱确认书', 'B', 'xls', 19, 'BOOK_C', '订舱确认书', NULL, '订舱确认书模板', 1, 1, '2008-09-01 00:00:00', 1, '2008-09-01 00:00:00', '{CC}', 0, 0),
('散货出口托运单', 'B', 'xls', 26, 'CONS_B', '订舱委托书', NULL, '散货出口托运单', 1, 3, '2009-02-13 00:00:00', 3, '2009-02-13 10:41:33', '{CC}', 1, 0),
('十联单模板', 'B', 'xls', 7, 'CONS', '十联单模板', NULL, '十联单套打模板', 1, 1, '2008-08-26 00:00:00', 1, '2008-08-26 00:00:00', '{CC}', 0, 0),
('提单模板', 'B', 'xls', 1, 'BL', '提单模板', NULL, '提单模板', 1, 1, '2008-10-07 00:00:00', 81, '2009-01-17 21:57:11', '{CC}', 3, 0),
('HBL提单', 'B', 'xls', 1, 'BL', '提单模板', NULL, 'HBL提单', 1, 1, '2008-08-21 00:00:00', 3, '2008-10-27 00:00:00', '{CC}', 1, 0),
('空运主提单', 'B', 'xls', 1, 'BL', '提单模板', NULL, '提单模板', 1, 1, '2008-10-07 00:00:00', 81, '2009-01-17 21:57:11', '{CC}', 3, 0),
('空运分提单', 'B', 'xls', 1, 'BL', '提单模板', NULL, '提单模板', 1, 1, '2008-10-07 00:00:00', 81, '2009-01-17 21:57:11', '{CC}', 3, 0),
('提单十联单', 'B', 'xls', 54, 'FBL_MANIFEST', '提单十联单', NULL, '提单十联单', 1, 86, '2009-03-22 23:08:50', 86, '2009-03-22 23:08:50', '{CC}', 0, 0),
('电放保函', 'B', 'xls', 22, 'BLER', '电放保函', NULL, '电放保函模板', 1, 1, '2008-09-09 00:00:00', 81, '2009-01-17 21:55:26', '{CC}', 2, 0),
('SEAWAYBILL保函', 'B', 'xls', 23, 'SEAW', 'SEAWAYBILL保函', NULL, 'SEAWAYBILL保函模板', 1, 1, '2008-09-10 00:00:00', 1, '2008-09-10 00:00:00', '{CC}', 0, 0),
('出口报关单模板', 'B', 'xls', 4, 'CUDE', '报关单模板', NULL, '出口报关单模板', 1, 1, '2008-08-24 00:00:00', 1, '2008-08-24 00:00:00', '{CC}', 0, 0),
('出口散货报关单', 'B', 'xls', 4, 'CUDE', '报关单模板', NULL, '出口散货报关单', 1, 3, '2009-02-17 12:27:37', 3, '2009-02-17 12:27:37', '{CC}', 0, 0),
('出口报检单模板', 'B', 'xls', 5, 'INSP', '报检单模板', NULL, '出口报检单套打模板', 1, 1, '2008-08-23 00:00:00', 1, '2008-08-23 00:00:00', '{CC}', 0, 0),
('出口收汇联&退税联退单申请', 'B', 'xls', 48, 'CUSTOMS_DOC_STAT', '退单申请表', NULL, '出口收汇联&退税联退单申请', 1, 86, '2009-03-22 23:08:50', 86, '2009-03-22 23:08:50', '{CC}', 0, 0),
('进口报关单模板', 'B', 'xls', 4, 'CUDE', '报关单模板', NULL, '进口报关单模板', 1, 1, '2008-08-24 00:00:00', 1, '2008-08-24 00:00:00', '{CC}', 0, 0),
('进口到货通知', 'B', 'xls', 27, 'ARAD', '进口到货通知', NULL, '进口到货通知', 1, 3, '2008-10-29 11:24:45', 3, '2008-10-29 11:24:45', '{CC}', 0, 0),
('进口分拨申请', 'B', 'xls', 24, 'SPLI', '进口分拨申请', NULL, '进口分拨申请模板', 1, 1, '2008-09-11 00:00:00', 1, '2008-09-11 00:00:00', '{CC}', 0, 0),
('进口付汇联退单申请', 'B', 'xls', 48, 'CUSTOMS_DOC_STAT', '退单申请表', NULL, '进口付汇联退单申请', 1, 86, '2009-03-22 23:08:50', 86, '2009-03-22 23:08:50', '{CC}', 0, 0),
('进口提货单', 'B', 'xls', 25, 'DO', '进口提货单', NULL, '进口提货单标准模板', 1, 1, '2008-09-12 00:00:00', 1, '2008-09-12 00:00:00', '{CC}', 0, 0),
('进口业务流程表', 'B', 'xls', 53, 'BUSINESS_PROCESS', '业务流程表', NULL, '进口业务流程表', 1, 86, '2009-03-22 23:08:50', 86, '2009-03-22 23:08:50', '{CC}', 0, 0),
('商业发票', 'B', 'xls', 49, 'CUDE_INVOICE', '商业发票模板', NULL, '商业发票', 1, 11, '2008-11-07 00:00:00', 11, '2008-11-07 11:38:27', '{CC}', 1, 0),
('PackingList', 'B', 'xls', 50, 'CUDE_PACKING', 'PACKING LIST', NULL, 'PACKING LIST', 1, 11, '2008-11-07 00:00:00', 11, '2008-11-07 11:38:27', '{CC}', 1, 0),
('贸易合同', 'B', 'xls', 51, 'CUDE_CONTRACT', '贸易合同模板', NULL, '贸易合同', 1, 11, '2008-11-07 00:00:00', 11, '2008-11-07 11:38:27', '{CC}', 1, 0),
('装箱单', 'B', 'xls', 8, 'CONT', '装箱单模板', NULL, '装箱单模板', 1, 1, '2008-08-25 00:00:00', 1, '2008-08-25 00:00:00', '{CC}', 0, 0),
('加工贸易催核表', 'B', 'xls', 47, 'TRADE_STAT', '退单申请表', NULL, '加工贸易催核表', 1, 86, '2009-03-22 23:08:50', 86, '2009-03-22 23:08:50', '{CC}', 0, 0),
('减免税统计表', 'B', 'xls', 46, 'RELIEF_TAX_STAT', '减免税统计表', NULL, '减免税统计表', 1, 86, '2009-03-22 23:08:50', 86, '2009-03-22 23:08:50', '{CC}', 0, 0),
('门到门装箱通知', 'B', 'xls', 18, 'WARE_INFO', '进仓通知单', NULL, '门到门装箱通知', 1, 1, '2008-08-27 00:00:00', 3, '2008-10-29 10:56:54', '{CC}', 1, 0),
('进仓通知单', 'B', 'xls', 18, 'WARE_INFO', '进仓通知单', NULL, '进仓通知单', 1, 3, '2008-10-29 11:01:36', 3, '2008-10-29 11:01:36', '{CC}', 0, 0),
('代运联系单', 'B', 'xls', 20, 'TRAN', '代运联系单', NULL, '代运联系单模板', 1, 1, '2008-09-02 00:00:00', 1, '2008-09-02 00:00:00', '{CC}', 0, 0),
('仓储联系单', 'B', 'xls', 21, 'WARE', '仓储联系单', NULL, '仓储联系单模板', 1, 1, '2008-09-02 00:00:00', 1, '2008-09-02 00:00:00', '{CC}', 0, 0),
('委托列表', 'B', 'xls', 15, 'CONS_LIST', '委托列表', NULL, '委托列表导出模板', 1, 1, '2008-10-10 00:00:00', 1, '2008-10-10 00:00:00', '{CC}', 0, 0),
('报关委托列表', 'B', 'xls', 15, 'CONS_LIST', '委托列表', NULL, '报关委托列表', 1, 1, '2008-10-10 00:00:00', 1, '2008-10-10 00:00:00', '{CC}', 0, 0),
('报检委托列表', 'B', 'xls', 15, 'CONS_LIST', '委托列表', NULL, '报检委托列表', 1, 1, '2008-10-10 00:00:00', 1, '2008-10-10 00:00:00', '{CC}', 0, 0),
('加工贸易列表', 'B', 'xls', 15, 'CONS_LIST', '委托列表', NULL, '加工贸易列表', 1, 1, '2008-10-10 00:00:00', 1, '2008-10-10 00:00:00', '{CC}', 0, 0),
('产地证列表', 'B', 'xls', 15, 'CONS_LIST', '委托列表', NULL, '产地证列表', 1, 1, '2008-10-10 00:00:00', 1, '2008-10-10 00:00:00', '{CC}', 0, 0),
('单票审核', 'B', 'xls', 16, 'CONS_AUDIT', '单票审核', NULL, '单票审核导出模板', 1, 1, '2008-10-10 00:00:00', 1, '2008-10-10 00:00:00', '{CC}', 0, 0),
('单证输出模板', 'B', 'xls', 30, 'FDOC_LIST', '单证清单输出模板', NULL, '单证输出模板', 1, 3, '2008-11-27 10:51:37', 3, '2008-11-27 10:51:37', '{CC}', 0, 0),
('运价表', 'B', 'xls', 32, 'PRSH_LIST', '运价表', NULL, '运价表', 1, 3, '2009-02-19 15:05:02', 3, '2009-02-19 15:05:02', '{CC}', 0, 0),
('发票模板', 'B', 'xls', 9, 'INVO', '发票模板', NULL, '发票套打模板', 1, 1, '2008-10-10 00:00:00', 1, '2008-10-10 00:00:00', '{CC}', 0, 0),
('费用确认单', 'B', 'xls', 34, 'EXPE_CONFIRM', '费用确认单', NULL, '费用确认单', 1, 3, '2009-02-16 14:05:57', 3, '2009-02-16 14:05:57', '{CC}', 0, 0),
('费用结算单', 'B', 'xls', 52, 'EXPE_SETTLEMENT', '费用结算单', NULL, '费用结算单', 1, 3, '2009-02-16 14:05:57', 3, '2009-02-16 14:05:57', '{CC}', 0, 0),
('对账单', 'B', 'xls', 17, 'BILL', '对账单', NULL, '对账单输出模板', 1, 1, '2008-10-10 00:00:00', 1, '2008-10-10 00:00:00', '{CC}', 0, 0),
('DebitNote模板', 'B', 'xls', 55, 'DEBIT_NOTE', 'DebitNote模板', NULL, 'DebitNote模板', 1, 86, '2009-03-22 23:08:50', 86, '2009-03-22 23:08:50', '{CC}', 0, 0),
('CREDIT NOTE', 'B', 'xls', 55, 'DEBIT_NOTE', 'DEBIT NOTE', NULL, 'CREDIT NOTE', 1, 1, '2008-10-10 00:00:00', 1, '2008-10-10 00:00:00', '{CC}', 0, 0),
('账单清单模板', 'B', 'xls', 36, 'INVO_LIST', '账单清单', NULL, '账单清单模板', 1, 3, '2009-03-22 20:50:02', 3, '2009-03-22 20:50:02', '{CC}', 0, 0),
('核销明细', 'B', 'xls', 31, 'VOUC_LIST', '核销明细', NULL, '核销明细', 1, 3, '2008-11-28 13:57:20', 3, '2008-11-28 13:57:20', '{CC}', 0, 0),
('费用列表', 'B', 'xls', 60, 'EXPE_LIST', '费用列表', NULL, '费用列表导出模板', 1, 1, '2008-10-10 00:00:00', 1, '2008-10-10 00:00:00', '{CC}', 0, 0)
;

--
-- 导出表中的数据 `S_EX_RATE`
--

INSERT INTO `S_EX_RATE` (`EXRA_BASE_CURRENCY`, `EXRA_EX_CURRENCY`, `EXRA_START_DATE`, `EXRA_END_DATE`, `EXRA_RATE`, `ACTIVE`, `MODIFY_BY`, `MODIFY_TIME`, `COMP_CODE`, `VERSION`, `REMOVED`) VALUES
('USD', 'CNY', '2009-02-09', NULL, '6.8340', 1, 2, '2009-02-09 15:14:46', '{CC}', 0, 0),
('CNY', 'USD', '2009-02-09', NULL, '0.1463', 1, 2, '2009-02-09 15:14:46', '{CC}', 0, 0);


INSERT INTO `P_COMPANY_CONFIG` (`COCO_CODE`, `COCO_NAME`, `COCO_VALUE`, `COCO_VALUE_TYPE`, `COCO_VALUE_OPTIONS`, `COCO_GROUP`, `COCO_TYPE`, `COCO_DESC`, `COMP_CODE`, `VERSION`, `REMOVED`) VALUES
('COMPANY_NAME', '公司名称', '{companyname}', 0, NULL, '公司属性', 'A', NULL, '{CC}', 0, 0),
('COMPANY_CONTACT', '公司联系人', '{contact}', 0, NULL, '公司属性', 'A', NULL, '{CC}', 3, 0),
('COMPANY_TEL', '公司电话', '{tel}', 0, NULL, '公司属性', 'A', NULL, '{CC}', 0, 0),
('COMPANY_FAX', '公司传真', '{fax}', 0, NULL, '公司属性', 'A', NULL, '{CC}', 0, 0),
('COMPANY_EMAIL', '公司邮件地址', '{email}', 0, NULL, '公司属性', 'A', NULL, '{CC}', 0, 0),
('COMPANY_URL', '公司网址', '{url}', 0, NULL, '公司属性', 'A', NULL, '{CC}', 0, 0),
('COMPANY_ADDRESS_CN', '公司中文地址', '', 0, NULL, '公司属性', 'A', NULL, '{CC}', 0, 0),
('COMPANY_ADDRESS_EN', '公司英文地址', '', 0, NULL, '公司属性', 'A', NULL, '{CC}', 1, 0),
('COMPANY_NAME_EN', '公司英文名称', '', 0, NULL, '公司属性', 'A', NULL, '{CC}', 0, 0),
('CUSTOMER_DEFAULT_CRDIT_DAYS', '客户缺省信用期（天）', '30', 1, NULL, '客户供应商配置', 'A', '', '{CC}', 0, 0),
('CUSTOMER_DEFAULT_CRDIT_AMOUNT', '客户缺省信用额度（CNY）', '0', 1, NULL, '客户供应商配置', 'A', NULL, '{CC}', 1, 0),
('COMPANY_ZIP', '公司邮编', '', 0, NULL, '公司属性', 'A', NULL, '{CC}', 2, 0),
('BASE_PORT', '本港代码', '', 10, NULL, '业务设置', 'A', '', '{CC}', 4, 0),
('LOCK_CONS_AUDIT', '单票审核是否锁定委托信息', 'Y', 2, NULL, '业务设置', 'A', NULL, '{CC}', 0, 0),
('DEFAULT_DEPT_C', '集装箱业务缺省部门', '', 12, NULL, '业务设置', 'A', '集装箱部', '{CC}', 1, 0),
('DEFAULT_DEPT_B', '散货业务缺省部门', '', 12, NULL, '业务设置', 'A', '散货部', '{CC}', 1, 0),
('DEFAULT_DEPT_G', '报关业务缺省部门', '', 12, NULL, '业务设置', 'A', '报关部', '{CC}', 1, 0),
('DEFAULT_DEPT_I', '报检业务缺省部门', '', 12, NULL, '业务设置', 'A', '报关部', '{CC}', 1, 0),
('DEFAULT_DEPT_A', '空运业务缺省部门', '', 12, NULL, '业务设置', 'A', '空运部', '{CC}', 2, 0),
('FDOC_BL', '提单单证类型', NULL, 13, NULL, '业务设置', 'A', NULL, '{CC}', 0, 0),
('FDOC_CC', '核销单单证类型', NULL, 13, NULL, '业务设置', 'A', '核销单', '{CC}', 1, 0),
('FDOC_AUTO_UPDATE_RELEASABLE', '系统是否自动更新可放核销单、提单', 'Y', 2, NULL, '业务设置', 'A', NULL, '{CC}', 0, 0),
('PASSWORD_EXPIRY_DAYS', '密码有效期（天）', '30', 1, NULL, '系统参数', 'A', NULL, '{CC}', 0, 0),
('PROFIT_ALERT_TYPE', '利润预警类型', '毛利率', 3, '毛利|毛利率', '系统参数', 'A', NULL, '{CC}', 3, 0),
('PROFIT_ALERT_VALUE', '利润预警阀值（利润小于）', '10', 1, NULL, '系统参数', 'A', NULL, '{CC}', 2, 0),
('PROFIT_ALERT_COLOR', '利润预警颜色', '#99CC00', 9, NULL, '系统参数', NULL, NULL, '{CC}', 2, 0),
('CONS_LOCK_DAYS', '开航后多少天锁定业务数据', '30', 1, NULL, '系统参数', 'A', NULL, '{CC}', 0, 0),
('CONS_AR_OVERDUE_DAYS', '最大应收账款天数', '60', 1, NULL, '业务设置', 'A', NULL, '{CC}', 0, 0),
('BIZ_TYPE_CODE_CE', '整箱出口业务类型代码', 'CE', 0, NULL, '业务类型设置', 'A', NULL, '{CC}', 0, 0),
('BIZ_TYPE_CODE_CI', '整箱进口业务类型代码', 'CI', 0, NULL, '业务类型设置', 'A', NULL, '{CC}', 0, 0),
('BIZ_TYPE_CODE_PE', '拼箱出口业务类型代码', 'PE', 0, NULL, '业务类型设置', 'A', NULL, '{CC}', 0, 0),
('BIZ_TYPE_CODE_PI', '进口分拨业务类型代码', 'PI', 0, NULL, '业务类型设置', 'A', NULL, '{CC}', 0, 0),
('BIZ_TYPE_CODE_BE', '散货出口业务类型代码', 'BE', 0, NULL, '业务类型设置', 'A', NULL, '{CC}', 0, 0),
('BIZ_TYPE_CODE_BI', '散货进口业务类型代码', 'BI', 0, NULL, '业务类型设置', 'A', NULL, '{CC}', 0, 0),
('BIZ_TYPE_CODE_AE', '空运出口业务类型代码', 'AE', 0, NULL, '业务类型设置', 'A', NULL, '{CC}', 0, 0),
('BIZ_TYPE_CODE_AI', '空运进口业务类型代码', 'AI', 0, NULL, '业务类型设置', 'A', NULL, '{CC}', 0, 0),
('BIZ_TYPE_CODE_GE', '出口报关业务类型代码', 'GE', 0, NULL, '业务类型设置', 'A', NULL, '{CC}', 0, 0),
('BIZ_TYPE_CODE_GI', '进口报关业务类型代码', 'GI', 0, NULL, '业务类型设置', 'A', NULL, '{CC}', 0, 0),
('BIZ_TYPE_CODE_IE', '出口报检业务类型代码', 'IE', 0, NULL, '业务类型设置', 'A', NULL, '{CC}', 0, 0),
('BIZ_TYPE_CODE_II', '进口报检业务类型代码', 'II', 0, NULL, '业务类型设置', 'A', NULL, '{CC}', 0, 0),
('BIZ_TYPE_CODE_MH', '加工贸易业务类型代码', 'M', 0, NULL, '业务类型设置', 'A', NULL, '{CC}', 0, 0),
('BIZ_TYPE_CODE_FH', '减免税业务类型代码', 'F', 0, NULL, '业务类型设置', 'A', NULL, '{CC}', 0, 0),
('BIZ_TYPE_CODE_RH', '企业注册业务类型代码', 'R', 0, NULL, '业务类型设置', 'A', NULL, '{CC}', 0, 0),
('CONS_NO_SERIAL_DATE_TYPE', '业务号生成日期类型', 2, 14, NULL, '业务设置', 'A', '开航日期', '{CC}', 0, 0);



INSERT INTO `P_MESSAGE_TOPIC` (`METO_ID`, `METO_NAME`, `METO_DESC`, `METO_TEMPLATE`, `METO_RULE`, `ACT_NAME`, `TETY_ID`, `ACTIVE`, `COMP_CODE`, `VERSION`, `REMOVED`) VALUES
(1, '核销单超期未退通知', '核销单, 开船超过30天, 但是未退回', '核销单号: {核销单号}, 委托号: {委托号}, 开船超过30天, 状态未退回', NULL, 'QUARTZ_FDOC_ALERT_WRITEOFF', 43, 1, '{CC}', 1, 0),
(2, '业务员超期提示', '查询有客户超期严重的业务员,提示扣他名下所有客户的提单列表', '业务员: {业务员}, 提单号: {提单号}', NULL, 'QUARTZ_CONS_ALERT_SALES_OVERDUE', 45, 1, '{CC}', 0, 0);

INSERT INTO `C_CUSTOMER` (`CUST_CODE`, `CUST_NAME_CN`, `CUST_URL`, `CUST_AIR_FLAG`, `COMP_CODE`, `VERSION`, `REMOVED`) VALUES 
('AA', '美国航空公司', NULL, 1, '{CC}', 1, 0),
('AF', '法国航空公司', NULL, 1, '{CC}', 1, 0),
('BA', '英国航空公司', NULL, 1, '{CC}', 1, 0),
('CA', '中国国际航空', NULL, 1, '{CC}', 1, 0),
('CK', '中国货运航空公司', NULL, 1, '{CC}', 2, 0),
('CZ', '中国南方航空公司', NULL, 1, '{CC}', 1, 0),
('HU', '中国海南航空公司', NULL, 1, '{CC}', 1, 0),
('DL', '美国达美航空公司', NULL, 1, '{CC}', 1, 0),
('EY', '阿联酋水晶', NULL, 1, '{CC}', 1, 0),
('SA', '南非航空公司', 'http://ww1.flysaa.com/saa_cargo/saaCargo.html', 1, '{CC}', 0, 0),
('NZ', '新西兰航空公司', 'http://www.airnz.co.nz/aboutus/cargo/default.htm', 1, '{CC}', 0, 0),
('IR', '伊朗国家航空公司', 'http://www.cargoserv.com/tracking.asp?Carrier=IR&Pfx=096', 1, '{CC}', 0, 0),
('AI', '印度航空公司', 'http://www.airindia.com/page.asp?pageid=134', 1, '{CC}', 0, 0),
('AY', '芬兰航空公司', 'http://www.finnaircargo.com/en/terminal-operations/cargo_tracking/', 1, '{CC}', 0, 0),
('W5', '伊朗马汉航空', 'http://cargo.ce-air.com/mu/Service/getawbinfo.aspx?strCul=zh-CN', 1, '{CC}', 0, 0),
('FI', '冰岛航空公司', 'http://www.cargoserv.com/tracking.asp?Carrier=FI&Pfx=108', 1, '{CC}', 0, 0),
('LY', '以色列航空公司', 'http://www.elal.co.il/ELAL/English/ELALCargo/', 1, '{CC}', 0, 0),
('SK', '北欧航空公司', 'http://www.sascargo.com/?NavID=90', 1, '{CC}', 0, 0),
('DT', '安哥拉航空公司', 'http://www.cargoserv.com/tracking.asp?Carrier=DT&Pfx=118', 1, '{CC}', 0, 0),
('LM', '安的列斯航空公司', 'http://www.cargoserv.com/tracking.asp?Carrier=LM&Pfx=119', 1, '{CC}', 0, 0),
('UM', '津巴布韦航空', '', 1, '{CC}', 0, 0),
('BA', '英国航空公司', 'http://www.baworldcargo.com/', 1, '{CC}', 0, 0),
('GA', '嘉鲁达印尼航空公司', 'http://www.cargoserv.com/tracking.asp?Carrier=GA&Pfx=126', 1, '{CC}', 0, 0),
('9W', '印度捷特航空公司', 'http://cargo.jetairways.com/cargoview/', 1, '{CC}', 0, 0),
('MP', '荷兰马丁航空公司', 'http://www.cargoserv.com/tracking.asp?Carrier=MP&Pfx=129', 1, '{CC}', 0, 0),
('MB', '土耳其芒果航空', 'http://www.mngairlines.com/TR/Anasayfa.aspx', 1, '{CC}', 0, 0),
('JL', '日本航空有限公司', 'http://www.traxon.net/jal', 1, '{CC}', 0, 0),
('HY', '乌兹别克斯坦航空', '', 1, '{CC}', 0, 0),
('LR', '哥斯达黎加航空公司', 'http://www.fujairah-airport.com/cargo/airlinetracking.asp', 1, '{CC}', 0, 0),
('U6', '乌拉尔航空', '', 1, '{CC}', 0, 0),
('AM', '墨西哥航空公司', 'http://www.aeromexpress.com.mx/Servicios/RastreoFastI.cfm', 1, '{CC}', 0, 0),
('8Y', '中国邮政航空', '', 1, '{CC}', 0, 0),
('AT', '摩洛哥王家航空运输公司', 'http://www.traxon.com/ram.htm', 1, '{CC}', 0, 0),
('HX', '香港航空', '', 1, '{CC}', 0, 0),
('QR', '卡塔尔航空公司', 'http://www.qrcargo.com/trackTrace.html', 1, '{CC}', 0, 0),
('YQ', '俄罗斯波莱特航空', '', 1, '{CC}', 0, 0),
('CX', '国泰航空有限公司', 'http://www.cathaypacific.com/cgo', 1, '{CC}', 0, 0),
('5J', '宿雾航空', '', 1, '{CC}', 0, 0),
('8M', '缅甸航空', '', 1, '{CC}', 0, 0),
('3V', 'TNT航空公司', 'http://www.tnt.com/country/en_ta/services/services/tracking.html', 1, '{CC}', 0, 0),
('D7', '亚洲航空', 'http://cargo.airasia.com/', 1, '{CC}', 0, 0),
('CV', '卢森堡国际货运航空公司', 'http://www.cargolux.com/', 1, '{CC}', 0, 0),
('EK', '阿联酋国际航空公司', 'http://www.sky-cargo.com/', 1, '{CC}', 0, 0),
('KE', '大韩航空公司', 'http://cargo.koreanair.com/', 1, '{CC}', 0, 0),
('MA', '匈牙利航空公司', 'http://www.cargoserv.com/tracking.asp?Carrier=MA&Pfx=182', 1, '{CC}', 0, 0),
('T5', '土库曼斯坦航空', '', 1, '{CC}', 0, 0),
('JI', '翡翠航空', 'http://www.jadecargo.com/', 1, '{CC}', 0, 0),
('JM', '牙买加航空', 'http://www.cargoserv.com/tracking.asp?Carrier=JM&Pfx=201', 1, '{CC}', 0, 0),
('PK', '巴基斯坦国际航空公司', 'http://www.cargoserv.com/tracking.asp?Carrier=PK&Pfx=214', 1, '{CC}', 0, 0),
('TG', '泰国航空', 'http://www.cargoserv.com/tracking.asp?Carrier=TG&Pfx=217', 1, '{CC}', 0, 0),
('KU', '科威特航空公司', 'http://www.cargoserv.com/tracking.asp?Carrier=KU&Pfx=229', 1, '{CC}', 0, 0),
('CM', '巴拿马空运公司', 'http://www.copacargo.com/', 1, '{CC}', 0, 0),
('NG', '维也纳航空公司', 'http://www.auacargo.com/', 1, '{CC}', 0, 0),
('MH', '马来西亚航空', 'http://www.maskargo.com/module.php?folder=ecommerce&filename=ost', 1, '{CC}', 0, 0),
('JD', '日本空运系统公司', 'http://www.cargoserv.com/tracking.asp?Carrier=JD&Pfx=234', 1, '{CC}', 0, 0),
('JU', '南斯拉夫航空', '', 1, '{CC}', 0, 0),
('S7', '西伯利亚航空', '', 1, '{CC}', 0, 0),
('TK', '土耳其航空', 'http://www4.thy.com/cargo/sorawbinput.do?lang=en', 1, '{CC}', 0, 0),
('BD', '英伦航空公司', 'http://www.tradevision.net/res-bma/', 1, '{CC}', 0, 0),
('MK', '毛里求斯航空有限公司', 'http://www.traxon.com/mau.htm', 1, '{CC}', 0, 0),
('OS', '奥地利航空', 'https://www.cargoportalservices.com/lmsweb/tracking-awb.jsp', 1, '{CC}', 0, 0),
('LT', '德国LTU航空公司', 'http://www.leisurecargo.com/', 1, '{CC}', 0, 0),
('TL', '跨地中海航空公司', 'http://www.cargoserv.com/tracking.asp?Carrier=TL&Pfx=270', 1, '{CC}', 0, 0),
('K4', '哈萨克斯坦航空公司', 'http://www.allianceairlines.com/', 1, '{CC}', 0, 0),
('LD', '香港华民航空有限公司', 'http://www.hactl.com/webapp/hactlpbf/CargoTracking/CargoTracking.jsp?country=US', 1, '{CC}', 0, 0),
('CI', '中华航空公司', 'http://calec.china-airlines.com/eBooking/en/CargoTracking.aspx', 1, '{CC}', 0, 0),
('OO', '美国SkyWest航空公司', 'http://skyship.interlink-data.com/cargo/tracking.html', 1, '{CC}', 0, 0),
('5Y', '美国Atlas Air', 'http://www.polaraircargo.com/tracking/default.asp', 1, '{CC}', 0, 0),
('PO', '美国博立货运航空公司', 'http://www.polaraircargo.com/tracking.asp', 1, '{CC}', 0, 0),
('JW', '箭航空公司', 'http://www.arrowair-tracking.com/Customer/tandt/awbTracking.html', 1, '{CC}', 0, 0),
('UN', '俄罗斯环空航空', '', 1, '{CC}', 0, 0),
('VI', '伏尔加第聂伯航空公司', 'http://www.airbridgecargo.com/', 1, '{CC}', 0, 0),
('ER', '敦豪航空货运公司', 'http://www.dhl.com/publish/content/g0/en/eshipping/track.high.html', 1, '{CC}', 0, 0),
('RJ', '约旦皇家航空公司', 'http://www.rj.com/dynamic_pages/airwaybill.asp', 1, '{CC}', 0, 0),
('WN', '西南航空公司(美国)', 'http://www.southwest.com/cgi-bin/catts_client?ACTION=DISPLAYTRACK', 1, '{CC}', 0, 0),
('A2', '秘鲁货运航空', 'http://www.cielos-airlines.com/tracking_cliente_e.php', 1, '{CC}', 0, 0),
('RF', '西佛罗里达国际航空公司', 'http://www.fwia.com/', 1, '{CC}', 0, 0),
('M3', '巴西ABSA货运航空公司', 'http://www.absacargo.com.br/en/MultiRastreamento.asp', 1, '{CC}', 0, 0),
('SU', '俄罗斯国际航空公司', 'http://www.cargoserv.com/tracking.asp?Carrier=SU&Pfx=555', 1, '{CC}', 0, 0),
('PS', '乌克兰航空公司', 'http://www.cargoserv.com/tracking.asp?Carrier=PS&Pfx=566', 1, '{CC}', 0, 0),
('7C', '英国Coyne 航空公司', 'http://www.coyneair.com/', 1, '{CC}', 0, 0),
('UL', '斯里兰卡航空公司', 'http://www.srilankanskychain.aero/skychain/app?service=page/nwp:Trackshipmt', 1, '{CC}', 0, 0),
('UY', '喀麦隆航空公司', 'http://www.fujairah-airport.com/cargo/airlinetracking.asp', 1, '{CC}', 0, 0),
('EY', '阿联酋水晶航空', 'http://www.etihadcrystalcargo.com/Cargo/WebForms/CargoTracker.aspx', 1, '{CC}', 0, 0),
('SQ', '新加坡航空', 'http://www.siacargo.com/', 1, '{CC}', 0, 0),
('GL', '格陵兰航空', 'http://www.airgreenland.gl/index.php?pageid=186', 1, '{CC}', 0, 0),
('IY', '也门航空', 'http://www.datacair.com/query.htm', 1, '{CC}', 0, 0),
('KM', '马耳他航空有限公司', 'http://www.traxon.com/amc.htm', 1, '{CC}', 0, 0),
('PX', '尼乌吉尼航空公司', 'http://www.cargoserv.com/tracking.asp?Carrier=PX&Pfx=656', 1, '{CC}', 0, 0),
('AH', '阿尔及利亚航空', 'www.sohu.com', 1, '{CC}', 0, 0),
('EB', '"Emery Worldwide Airlines', 'Inc"', 1, '{CC}', 0, 0),
('BT', '波罗的海航空公司', 'http://www.airbaltic.com/public/index.html', 1, '{CC}', 0, 0),
('2G', '意大利货运航空', '', 1, '{CC}', 0, 0),
('UW', '友和道通航空', '', 1, '{CC}', 0, 0),
('BI', '文莱皇家航空公司', 'http://www.bruneiair.com/services/cargo_awb_search.asp', 1, '{CC}', 0, 0),
('B7', '立荣航空', '立荣航空', 1, '{CC}', 0, 0),
('NX', '澳门航空公司', 'http://en.airmacau.com.mo/cargo/track.asp', 1, '{CC}', 0, 0),
('9C', '春秋航空', '春秋航空', 1, '{CC}', 0, 0),
('BR', '长荣航空股份有限公司', 'http://www.brcargo.com/AWB/cargoQuery.do?locale=en_us', 1, '{CC}', 0, 0),
('M7', 'Superior Aviation Services Ltd', '', 1, '{CC}', 0, 0),
('CH', '以色列航空', 'http://www.cal.co.il/', 1, '{CC}', 0, 0),
('E6', 'BRINGER AIR CARGO', 'E6', 1, '{CC}', 0, 0),
('KQ', '肯尼亚航空公司', 'http://www.kenya-airways.com/kq/kqcargo/kqcargo.aspx', 1, '{CC}', 0, 0),
('MI', '胜安航空', 'MI', 1, '{CC}', 0, 0),
('LX', '瑞士国际航空公司', 'http://www.swissworldcargo.com/', 1, '{CC}', 0, 0),
('ZG', '非凡航空', 'ZG', 1, '{CC}', 0, 0),
('QT', '坦帕国际货运航空公司', 'http://www.tampacargo.com/English/home.htm', 1, '{CC}', 0, 0),
('BY', '汤姆逊航空', 'BY', 1, '{CC}', 0, 0),
('XF', '海参崴航空', '', 1, '{CC}', 0, 0),
('VN', '越南航空公司', 'http://www.cargoserv.com/tracking.asp?Carrier=VN&Pfx=738', 1, '{CC}', 0, 0),
('SE', '乌干达航空', 'http://web.ana-aviation.com/pfrequest.nsf/PFRequest?OpenForm', 1, '{CC}', 0, 0),
('UK', '荷兰皇家/联合王国航空公司', '', 1, '{CC}', 0, 0),
('AK', '亚洲航空', 'http://www.airasia.com', 1, '{CC}', 0, 0),
('ZH', '深圳航空', 'http://www.shenzhenair.com/', 1, '{CC}', 0, 0),
('MU', '中国东方航空公司', 'http://cargo.ce-air.com/mu/index.aspx', 1, '{CC}', 0, 0),
('FJ', '斐济航空公司', '', 1, '{CC}', 0, 0),
('VO', 'Tyrolean Airways', 'Tyrolean Airways', 1, '{CC}', 0, 0),
('CZ', '中国南方航空公司', 'http://tang.cs-air.com/EN/WebFace/Tang.WebFace.Cargo/AgentAwbBrower.aspx', 1, '{CC}', 0, 0),
('TY', 'Air Caledonie', '', 1, '{CC}', 0, 0),
('M6', '美国喷气国际公司', 'http://www.amerijet.com/tracking/tracking.asp', 1, '{CC}', 0, 0),
('S6', 'SAC South American Airway', 'http://www.southamericanairways.com/tracking_summary.asp', 1, '{CC}', 0, 0),
('F4', '上海国际货运航空有限公司', 'http://www.jet-airways.com/globaltrak/trace-airwaybill.html', 1, '{CC}', 0, 0),
('FK', '西非航空', 'http://www.africawestcargo.com/awbtrack.htm', 1, '{CC}', 0, 0),
('MY', '马里航空公司', 'http://www.masair.com/', 1, '{CC}', 0, 0),
('Y8', '扬子江快运航空有限公司', 'http://www.yzr.com.cn', 1, '{CC}', 0, 0),
('5M', '美佳环球马尔代夫航空', '', 1, '{CC}', 0, 0),
('VS', '英国维珍航空公司', 'http://www.virgin-atlantic.com/en/us/cargo/index.jsp', 1, '{CC}', 0, 0),
('KZ', '日本货运航空公司', 'http://www.nca.aero/e/index.html', 1, '{CC}', 0, 0),
('CK', '中国货运航空有限公司', 'http://cargo2.ce-air.com/MU/index.aspx', 1, '{CC}', 0, 0),
('OV', '爱沙尼亚航空', 'http://www.tradevision.net/appl/fsr.asp?Owner=RES-ELL', 1, '{CC}', 0, 0),
('OZ', '韩亚航空公司', 'http://www.asianacargo.com/English/tracking/trk_master_air_waybill.jsp', 1, '{CC}', 0, 0),
('IJ', '长城航空', 'http://www.gwairlines.com/en/index.asp', 1, '{CC}', 0, 0),
('BG', '孟加拉航空公司', 'http://www.cargoserv.com/tracking.asp?Carrier=BG&Pfx=997', 1, '{CC}', 0, 0),
('UX', '西班牙欧洲航空公司', 'http://cargo.air-europa.com/ferreret/in/WebPantallaPrincipal.html', 1, '{CC}', 0, 0),
('CA', '中国国际航空公司', 'http://www.cargoserv.com/tracking.asp', 1, '{CC}', 0, 0),
('MF', '厦门航空', 'http://www.xiamenair.com.cn/hdxxcx.aspx?CateId=47', 1, '{CC}', 0, 0),
('HU', '海南航空', 'http://ecargo.hnair.com/UnLoginUI/CargoInfoTrace.aspx', 1, '{CC}', 0, 0),
('NH', '全日空航空有限公司', 'https://rps.ana.co.jp/eACROSS/userLogin.do?dispatch=submit&guestEntry=shipmentStatus', 1, '{CC}', 0, 0),
('AF', '法国航空', 'http://www.af-klm.com/cargo/b2b/wps/portal/b2b/index.jsp', 1, '{CC}', 0, 0),
('UO', '港联航空/UO', 'http://202.106.139.28/HX/Service/index.aspx?strCul=en', 1, '{CC}', 0, 0),
('EZ', '美国常青航空', 'http://cargo.ce-air.com/mu/', 1, '{CC}', 0, 0),
('IB', '伊比利亚航空', 'https://www.iberia-cargo.com/portalcarga/portlet/zh/html/main', 1, '{CC}', 0, 0),
('FM', '上海航空股份有限公司', 'http://219.142.127.41/f4/Service/index.asp', 1, '{CC}', 0, 0),
('6U', '德国货运航空', 'http://www.acg.aero/', 1, '{CC}', 0, 0),
('5X', 'UPS航空', 'http://www.ups.com/aircargo/using/services/actracking/actracking.html', 1, '{CC}', 0, 0),
('VV', '乌克兰航空', 'http://www.cargoserv.com', 1, '{CC}', 0, 0),
('WE', 'Challenge Air Cargo Inc.', '', 1, '{CC}', 0, 0),
('WY', '阿曼航空公司', 'http://www.aifei.com/Airline/WY', 1, '{CC}', 0, 0),
('FD', '泰国亚洲航空', 'http://www.airasia.com/site/ch/ch/home.jsp', 1, '{CC}', 0, 0),
('OX', '泰国东方航空', '', 1, '{CC}', 0, 0),
('3K', '捷星亚洲航空公司', '', 1, '{CC}', 0, 0),
('RI', '曼达拉航空', '', 1, '{CC}', 0, 0),
('4X', '波旁航空', '', 1, '{CC}', 0, 0),
('AE', '台湾华信航空', 'Mandarin Airlines', 1, '{CC}', 0, 0),
('JJ', '巴西天马航空', '', 1, '{CC}', 0, 0),
('ET', '埃塞俄比亚航空公司', 'http://www.cargoserv.com/tracking.asp?Carrier=ET&Pfx=071', 1, '{CC}', 0, 0),
('OM', '蒙古航空', '', 1, '{CC}', 0, 0),
('GF', '海湾航空公司', 'http://www.cargoserv.com/tracking.asp?Carrier=GF&Pfx=072', 1, '{CC}', 0, 0),
('KL', '荷兰皇家航空公司', 'http://www.af-klm.com/cargo/b2b/wps/portal/b2b/index.jsp', 1, '{CC}', 0, 0),
('RU', '大桥航空', 'http://www.airbridgecargo.com/eng/customer/tracktrace/index.php', 1, '{CC}', 0, 0),
('ME', '中东航空公司', 'http://www.mea.com.lb/MEA/English/Misc/CargoSearch.htm', 1, '{CC}', 0, 0),
('GD', '银河航空', 'http://www.grandstarcargo.com/ecargo/ecargo_tracing.asp', 1, '{CC}', 0, 0),
('MS', '埃及航空公司', 'http://www.cargoserv.com/tracking.asp?Carrier=MS&Pfx=077', 1, '{CC}', 0, 0),
('PR', '菲律宾航空公司', 'http://www.cargoserv.com/tracking.asp?Carrier=PR&Pfx=079', 1, '{CC}', 0, 0),
('LO', '波兰航空公司', 'http://www.cargoserv.com/tracking.asp?Carrier=LO&Pfx=080', 1, '{CC}', 0, 0),
('QF', '澳洲航空', 'http://www.qantas.com.au/freight/online/otracking.html', 1, '{CC}', 0, 0),
('KC', '阿斯塔纳航空公司', '', 1, '{CC}', 0, 0),
('UC', '智利航空公司', 'http://en.lancargo.com', 1, '{CC}', 0, 0),
('AA', '美国航空', 'http://www.aacargo.com/', 1, '{CC}', 0, 0),
('JQ', '捷星航空', '', 1, '{CC}', 0, 0),
('MD', '马达加斯加航空', '', 1, '{CC}', 0, 0),
('QP', '肯尼亚航空', '', 1, '{CC}', 0, 0),
('CO', '美国大陆航空', 'http://cargo.cocargo.com/cargo/track/', 1, '{CC}', 0, 0),
('DL', '达美航空', 'https://www.deltacargo.com/dsse1.asp', 1, '{CC}', 0, 0),
('NW', '西北航空', 'https://www.cargoportalservices.com/lmsweb/tracking-awb.jsp', 1, '{CC}', 0, 0),
('AC', '加拿大航空', 'http://cargotools.aircanada.ca/TrackAndTraceInput.asp', 1, '{CC}', 0, 0),
('UA', '美国联合航空公司', 'http://www.unitedcargo.com/', 1, '{CC}', 0, 0),
('CP', '美国达美航空公司', 'http://www.traxon.com/cp018.htm', 1, '{CC}', 0, 0),
('LH', '德国汉莎航空公司', 'http://tracking.lhcargo.com/trackit/start.trackit', 1, '{CC}', 0, 0),
('FX', '美国联邦快递航空公司', 'http://www.fedex.com/us/tracking', 1, '{CC}', 0, 0),
('AS', '美国阿拉斯加航空公司', 'http://www.cargoserv.com/tracking.asp?Carrier=AS&Pfx=027', 1, '{CC}', 0, 0),
('SQ', '新加坡航空', 'http://www.siacargo.com/', 1, '{CC}', 0, 0),
('GL', '格陵兰航空', 'http://www.airgreenland.gl/index.php?pageid=186', 1, '{CC}', 0, 0),
('IY', '也门航空', 'http://www.datacair.com/query.htm', 1, '{CC}', 0, 0),
('KM', '马耳他航空有限公司', 'http://www.traxon.com/amc.htm', 1, '{CC}', 0, 0),
('PX', '尼乌吉尼航空公司', 'http://www.cargoserv.com/tracking.asp?Carrier=PX&Pfx=656', 1, '{CC}', 0, 0),
('AH', '阿尔及利亚航空', 'www.sohu.com', 1, '{CC}', 0, 0),
('EB', 'Emery Worldwide Airlines Inc', '', 1, '{CC}', 0, 0),
('BT', '波罗的海航空公司', 'http://www.airbaltic.com/public/index.html', 1, '{CC}', 0, 0),
('2G', '意大利货运航空', '', 1, '{CC}', 0, 0),
('UW', '友和道通航空', '', 1, '{CC}', 0, 0),
('BI', '文莱皇家航空公司', 'http://www.bruneiair.com/services/cargo_awb_search.asp', 1, '{CC}', 0, 0),
('B7', '立荣航空', '立荣航空', 1, '{CC}', 0, 0),
('NX', '澳门航空公司', 'http://en.airmacau.com.mo/cargo/track.asp', 1, '{CC}', 0, 0),
('9C', '春秋航空', '春秋航空', 1, '{CC}', 0, 0),
('PO', '美国博立货运航空公司', 'http://www.polaraircargo.com/tracking.asp', 1, '{CC}', 0, 0),
('JW', '箭航空公司', 'http://www.arrowair-tracking.com/Customer/tandt/awbTracking.html', 1, '{CC}', 0, 0),
('UN', '俄罗斯环空航空', '', 1, '{CC}', 0, 0),
('VI', '伏尔加第聂伯航空公司', 'http://www.airbridgecargo.com/', 1, '{CC}', 0, 0),
('ER', '敦豪航空货运公司', 'http://www.dhl.com/publish/content/g0/en/eshipping/track.high.html', 1, '{CC}', 0, 0),
('RJ', '约旦皇家航空公司', 'http://www.rj.com/dynamic_pages/airwaybill.asp', 1, '{CC}', 0, 0),
('WN', '西南航空公司(美国)', 'http://www.southwest.com/cgi-bin/catts_client?ACTION=DISPLAYTRACK', 1, '{CC}', 0, 0),
('A2', '秘鲁货运航空', 'http://www.cielos-airlines.com/tracking_cliente_e.php', 1, '{CC}', 0, 0),
('RF', '西佛罗里达国际航空公司', 'http://www.fwia.com/', 1, '{CC}', 0, 0),
('M3', '巴西ABSA货运航空公司', 'http://www.absacargo.com.br/en/MultiRastreamento.asp', 1, '{CC}', 0, 0),
('SU', '俄罗斯国际航空公司', 'http://www.cargoserv.com/tracking.asp?Carrier=SU&Pfx=555', 1, '{CC}', 0, 0),
('PS', '乌克兰航空公司', 'http://www.cargoserv.com/tracking.asp?Carrier=PS&Pfx=566', 1, '{CC}', 0, 0),
('7C', '英国Coyne 航空公司', 'http://www.coyneair.com/', 1, '{CC}', 0, 0),
('UL', '斯里兰卡航空公司', 'http://www.srilankanskychain.aero/skychain/app?service=page/nwp:Trackshipmt', 1, '{CC}', 0, 0),
('UY', '喀麦隆航空公司', 'http://www.fujairah-airport.com/cargo/airlinetracking.asp', 1, '{CC}', 0, 0),
('MH', '马来西亚航空', 'http://www.maskargo.com/module.php?folder=ecommerce&filename=ost', 1, '{CC}', 0, 0),
('JD', '日本空运系统公司', 'http://www.cargoserv.com/tracking.asp?Carrier=JD&Pfx=234', 1, '{CC}', 0, 0),
('JU', '南斯拉夫航空', '', 1, '{CC}', 0, 0),
('S7', '西伯利亚航空', '', 1, '{CC}', 0, 0),
('TK', '土耳其航空', 'http://www4.thy.com/cargo/sorawbinput.do?lang=en', 1, '{CC}', 0, 0),
('BD', '英伦航空公司', 'http://www.tradevision.net/res-bma/', 1, '{CC}', 0, 0),
('MK', '毛里求斯航空有限公司', 'http://www.traxon.com/mau.htm', 1, '{CC}', 0, 0),
('OS', '奥地利航空', 'https://www.cargoportalservices.com/lmsweb/tracking-awb.jsp', 1, '{CC}', 0, 0),
('LT', '德国LTU航空公司', 'http://www.leisurecargo.com/', 1, '{CC}', 0, 0),
('TL', '跨地中海航空公司', 'http://www.cargoserv.com/tracking.asp?Carrier=TL&Pfx=270', 1, '{CC}', 0, 0),
('K4', '哈萨克斯坦航空公司', 'http://www.allianceairlines.com/', 1, '{CC}', 0, 0),
('LD', '香港华民航空有限公司', 'http://www.hactl.com/webapp/hactlpbf/CargoTracking/CargoTracking.jsp?country=US', 1, '{CC}', 0, 0),
('CI', '中华航空公司', 'http://calec.china-airlines.com/eBooking/en/CargoTracking.aspx', 1, '{CC}', 0, 0),
('OO', '美国SkyWest航空公司', 'http://skyship.interlink-data.com/cargo/tracking.html', 1, '{CC}', 0, 0),
('5Y', '美国Atlas Air', 'http://www.polaraircargo.com/tracking/default.asp', 1, '{CC}', 0, 0),
('LC', '安逸航空', '', 1, '{CC}', 0, 0),
('AA', '美国航空', 'http://www.aacargo.com/', 1, '{CC}', 0, 0),
('JQ', '捷星航空', '', 1, '{CC}', 0, 0),
('MD', '马达加斯加航空', '', 1, '{CC}', 0, 0),
('QP', '肯尼亚航空', '', 1, '{CC}', 0, 0),
('CO', '美国大陆航空', 'http://cargo.cocargo.com/cargo/track/', 1, '{CC}', 0, 0),
('DL', '达美航空', 'https://www.deltacargo.com/dsse1.asp', 1, '{CC}', 0, 0),
('NW', '西北航空', 'https://www.cargoportalservices.com/lmsweb/tracking-awb.jsp', 1, '{CC}', 0, 0),
('AC', '加拿大航空', 'http://cargotools.aircanada.ca/TrackAndTraceInput.asp', 1, '{CC}', 0, 0),
('UA', '美国联合航空公司', 'http://www.unitedcargo.com/', 1, '{CC}', 0, 0),
('CP', '美国达美航空公司', 'http://www.traxon.com/cp018.htm', 1, '{CC}', 0, 0),
('LH', '德国汉莎航空公司', 'http://tracking.lhcargo.com/trackit/start.trackit', 1, '{CC}', 0, 0),
('FX', '美国联邦快递航空公司', 'http://www.fedex.com/us/tracking', 1, '{CC}', 0, 0),
('AS', '美国阿拉斯加航空公司', 'http://www.cargoserv.com/tracking.asp?Carrier=AS&Pfx=027', 1, '{CC}', 0, 0),
('US', '美国航空公司', 'http://www.usairways.com/cargo/', 1, '{CC}', 0, 0),
('RG', '巴西航空公司', 'http://www.variglog.com/ingles/tracking/normal.asp?tracking=A', 1, '{CC}', 0, 0),
('KA', '港龙航空公司', 'http://www.dragonaircargo.com/usrapps/identity/home.aspx', 1, '{CC}', 0, 0),
('TP', '葡萄牙航空运输公司', 'http://www.tapcargo.pt/tapcargo/en/', 1, '{CC}', 0, 0),
('CY', '塞浦路斯航空有限公司', 'http://www.cargoserv.com/tracking.asp?Carrier=CY&Pfx=048', 1, '{CC}', 0, 0),
('OA', '希腊奥林匹克航空公司', 'http://www.cargoserv.com/tracking.asp?Carrier=OA&Pfx=050', 1, '{CC}', 0, 0),
('EI', '爱尔兰国营航空公司', '"http://www.aerlinguscargo.com/eitrackagain.htm"" target=""_blank"', 1, '{CC}', 0, 0),
('AZ', '意大利航空公司', 'http://www.cargoserv.com/tracking.asp?Carrier=AZ&Pfx=055', 1, '{CC}', 0, 0),
('IC', '印度航空公司', 'http://220.226.206.133:8080/wwwweb/index_frame.jsp', 1, '{CC}', 0, 0),
('HM', '塞舌尔航空公司', 'http://www.cargoserv.com/tracking.asp?Carrier=HM&Pfx=061', 1, '{CC}', 0, 0),
('ZP', '阿塞拜疆航空', 'http://www.bct.az/en/default.asp', 1, '{CC}', 0, 0),
('OK', '捷克航空公司', 'http://www.cargoserv.com/tracking.asp?Carrier=OK&Pfx=064', 1, '{CC}', 0, 0),
('SV', '沙特阿拉伯航空公司', 'http://www.cargoserv.com/tracking.asp?Carrier=SV&Pfx=065', 1, '{CC}', 0, 0),
('6R', '墨西哥联盟航空', 'http://www.aerounion.com.mx/', 1, '{CC}', 0, 0),
('RB', '阿拉伯舒利亚航空公司', 'http://www.cargoserv.com/tracking.asp?Carrier=RB&Pfx=070', 1, '{CC}', 0, 0),
('JJ', '巴西天马航空', '', 1, '{CC}', 0, 0),
('ET', '埃塞俄比亚航空公司', 'http://www.cargoserv.com/tracking.asp?Carrier=ET&Pfx=071', 1, '{CC}', 0, 0),
('OM', '蒙古航空', '', 1, '{CC}', 0, 0),
('GF', '海湾航空公司', 'http://www.cargoserv.com/tracking.asp?Carrier=GF&Pfx=072', 1, '{CC}', 0, 0),
('KL', '荷兰皇家航空公司', 'http://www.af-klm.com/cargo/b2b/wps/portal/b2b/index.jsp', 1, '{CC}', 0, 0),
('RU', '大桥航空', 'http://www.airbridgecargo.com/eng/customer/tracktrace/index.php', 1, '{CC}', 0, 0),
('ME', '中东航空公司', 'http://www.mea.com.lb/MEA/English/Misc/CargoSearch.htm', 1, '{CC}', 0, 0),
('GD', '银河航空', 'http://www.grandstarcargo.com/ecargo/ecargo_tracing.asp', 1, '{CC}', 0, 0),
('MS', '埃及航空公司', 'http://www.cargoserv.com/tracking.asp?Carrier=MS&Pfx=077', 1, '{CC}', 0, 0),
('PR', '菲律宾航空公司', 'http://www.cargoserv.com/tracking.asp?Carrier=PR&Pfx=079', 1, '{CC}', 0, 0),
('LO', '波兰航空公司', 'http://www.cargoserv.com/tracking.asp?Carrier=LO&Pfx=080', 1, '{CC}', 0, 0),
('QF', '澳洲航空', 'http://www.qantas.com.au/freight/online/otracking.html', 1, '{CC}', 0, 0),
('KC', '阿斯塔纳航空公司', '', 1, '{CC}', 0, 0),
('UC', '智利航空公司', 'http://en.lancargo.com', 1, '{CC}', 0, 0),
('LC', '安逸航空', '', 1, '{CC}', 0, 0),
('AA', '美国航空', 'http://www.aacargo.com/', 1, '{CC}', 0, 0),
('JQ', '捷星航空', '', 1, '{CC}', 0, 0),
('MD', '马达加斯加航空', '', 1, '{CC}', 0, 0),
('QP', '肯尼亚航空', '', 1, '{CC}', 0, 0),
('CO', '美国大陆航空', 'http://cargo.cocargo.com/cargo/track/', 1, '{CC}', 0, 0),
('DL', '达美航空', 'https://www.deltacargo.com/dsse1.asp', 1, '{CC}', 0, 0),
('NW', '西北航空', 'https://www.cargoportalservices.com/lmsweb/tracking-awb.jsp', 1, '{CC}', 0, 0),
('AC', '加拿大航空', 'http://cargotools.aircanada.ca/TrackAndTraceInput.asp', 1, '{CC}', 0, 0),
('UA', '美国联合航空公司', 'http://www.unitedcargo.com/', 1, '{CC}', 0, 0),
('CP', '美国达美航空公司', 'http://www.traxon.com/cp018.htm', 1, '{CC}', 0, 0),
('LH', '德国汉莎航空公司', 'http://tracking.lhcargo.com/trackit/start.trackit', 1, '{CC}', 0, 0),
('FX', '美国联邦快递航空公司', 'http://www.fedex.com/us/tracking', 1, '{CC}', 0, 0),
('AS', '美国阿拉斯加航空公司', 'http://www.cargoserv.com/tracking.asp?Carrier=AS&Pfx=027', 1, '{CC}', 0, 0),
('US', '美国航空公司', 'http://www.usairways.com/cargo/', 1, '{CC}', 0, 0),
('RG', '巴西航空公司', 'http://www.variglog.com/ingles/tracking/normal.asp?tracking=A', 1, '{CC}', 0, 0),
('KA', '港龙航空公司', 'http://www.dragonaircargo.com/usrapps/identity/home.aspx', 1, '{CC}', 0, 0),
('TP', '葡萄牙航空运输公司', 'http://www.tapcargo.pt/tapcargo/en/', 1, '{CC}', 0, 0),
('CY', '塞浦路斯航空有限公司', 'http://www.cargoserv.com/tracking.asp?Carrier=CY&Pfx=048', 1, '{CC}', 0, 0),
('OA', '希腊奥林匹克航空公司', 'http://www.cargoserv.com/tracking.asp?Carrier=OA&Pfx=050', 1, '{CC}', 0, 0),
('EI', '爱尔兰国营航空公司', '"http://www.aerlinguscargo.com/eitrackagain.htm"" target=""_blank"', 1, '{CC}', 0, 0),
('AZ', '意大利航空公司', 'http://www.cargoserv.com/tracking.asp?Carrier=AZ&Pfx=055', 1, '{CC}', 0, 0),
('IC', '印度航空公司', 'http://220.226.206.133:8080/wwwweb/index_frame.jsp', 1, '{CC}', 0, 0),
('HM', '塞舌尔航空公司', 'http://www.cargoserv.com/tracking.asp?Carrier=HM&Pfx=061', 1, '{CC}', 0, 0),
('ZP', '阿塞拜疆航空', 'http://www.bct.az/en/default.asp', 1, '{CC}', 0, 0),
('OK', '捷克航空公司', 'http://www.cargoserv.com/tracking.asp?Carrier=OK&Pfx=064', 1, '{CC}', 0, 0),
('SV', '沙特阿拉伯航空公司', 'http://www.cargoserv.com/tracking.asp?Carrier=SV&Pfx=065', 1, '{CC}', 0, 0),
('6R', '墨西哥联盟航空', 'http://www.aerounion.com.mx/', 1, '{CC}', 0, 0),
('8U', '利比亚泛非航空公司', '', 1, '{CC}', 0, 0),
('AA', '美国航空', 'http://www.aacargo.com/', 1, '{CC}', 0, 0),
('JQ', '捷星航空', '', 1, '{CC}', 0, 0),
('MD', '马达加斯加航空', '', 1, '{CC}', 0, 0),
('QP', '肯尼亚航空', '', 1, '{CC}', 0, 0),
('CO', '美国大陆航空', 'http://cargo.cocargo.com/cargo/track/', 1, '{CC}', 0, 0),
('DL', '达美航空', 'https://www.deltacargo.com/dsse1.asp', 1, '{CC}', 0, 0),
('NW', '西北航空', 'https://www.cargoportalservices.com/lmsweb/tracking-awb.jsp', 1, '{CC}', 0, 0),
('AC', '加拿大航空', 'http://cargotools.aircanada.ca/TrackAndTraceInput.asp', 1, '{CC}', 0, 0),
('UA', '美国联合航空公司', 'http://www.unitedcargo.com/', 1, '{CC}', 0, 0),
('CP', '美国达美航空公司', 'http://www.traxon.com/cp018.htm', 1, '{CC}', 0, 0),
('LH', '德国汉莎航空公司', 'http://tracking.lhcargo.com/trackit/start.trackit', 1, '{CC}', 0, 0),
('FX', '美国联邦快递航空公司', 'http://www.fedex.com/us/tracking', 1, '{CC}', 0, 0),
('AS', '美国阿拉斯加航空公司', 'http://www.cargoserv.com/tracking.asp?Carrier=AS&Pfx=027', 1, '{CC}', 0, 0),
('SA', '南非航空公司', 'http://ww1.flysaa.com/saa_cargo/saaCargo.html', 1, '{CC}', 0, 0),
('9S', '美国南方航空', '', 1, '{CC}', 0, 0);

